customer_id,Recency,Frequency,Monetary,R_score,F_score,M_score,RFM_Score,Segment,return_rate,avg_discount,avg_rating,avg_delivery_days
CUST00001,168,6,2955.57,2,3,3,233,At Risk Customers,0.16666666666666666,0.36333333333333334,3.3333333333333335,3.5
CUST00002,35,3,1713.1,3,2,2,322,At Risk Customers,0.0,0.19000000000000003,4.333333333333333,3.3333333333333335
CUST00003,232,1,649.98,1,1,1,111,At Risk Customers,0.0,0.47,2.0,2.0
CUST00004,192,1,1604.04,1,1,2,112,At Risk Customers,0.0,0.16,2.0,5.0
CUST00005,11,6,3910.43,4,3,3,433,New Customers,0.0,0.38833333333333336,2.3333333333333335,5.166666666666667
CUST00006,55,6,3987.46,3,3,3,333,At Risk Customers,0.16666666666666666,0.36166666666666664,4.6,3.6666666666666665
CUST00007,3,2,1219.9,4,1,1,411,New Customers,0.0,0.2,3.5,1.5
CUST00008,45,6,3647.9900000000002,3,3,3,333,At Risk Customers,0.0,0.26,2.8333333333333335,3.3333333333333335
CUST00009,29,2,803.99,3,1,1,311,At Risk Customers,0.5,0.395,3.5,5.0
CUST00010,9,2,1984.18,4,1,2,412,New Customers,0.0,0.485,2.5,3.0
CUST00011,7,4,2912.49,4,2,3,423,New Customers,0.0,0.195,3.75,5.5
CUST00012,111,2,2051.63,2,1,2,212,At Risk Customers,0.0,0.29500000000000004,4.0,5.0
CUST00013,3,4,2934.52,4,2,3,423,New Customers,0.0,0.20500000000000002,4.75,5.75
CUST00014,1,13,9108.63,4,4,4,444,Champions,0.0,0.28076923076923077,3.923076923076923,4.615384615384615
CUST00015,1,5,5805.34,4,3,4,434,New Customers,0.0,0.286,4.4,3.4
CUST00016,276,1,478.02,1,1,1,111,At Risk Customers,0.0,0.22,1.0,6.0
CUST00017,347,3,1699.1399999999999,1,2,2,122,At Risk Customers,0.0,0.26666666666666666,5.0,6.333333333333333
CUST00018,172,1,329.21,2,1,1,211,At Risk Customers,0.0,0.36,4.0,6.0
CUST00019,35,3,2719.02,3,2,3,323,At Risk Customers,0.0,0.13,4.333333333333333,3.6666666666666665
CUST00020,429,3,4487.950000000001,1,2,4,124,High Value Customers,0.0,0.13,4.333333333333333,5.0
CUST00021,138,2,1059.3,2,1,1,211,At Risk Customers,0.0,0.435,4.0,5.5
CUST00022,37,2,1332.67,3,1,1,311,At Risk Customers,0.0,0.25,5.0,3.0
CUST00023,42,2,772.04,3,1,1,311,At Risk Customers,0.0,0.245,3.0,7.0
CUST00024,14,2,967.97,4,1,1,411,New Customers,0.0,0.30000000000000004,5.0,4.0
CUST00025,226,7,4868.86,1,4,4,144,Loyal Customers,0.0,0.31142857142857144,4.285714285714286,5.142857142857143
CUST00026,41,4,4521.43,3,2,4,324,High Value Customers,0.5,0.1225,3.5,4.25
CUST00027,15,2,2666.0,4,1,3,413,New Customers,0.5,0.28500000000000003,2.5,5.5
CUST00028,4,3,1853.73,4,2,2,422,New Customers,0.0,0.22999999999999998,3.3333333333333335,4.0
CUST00029,12,11,7122.8,4,4,4,444,Champions,0.0,0.19454545454545455,4.090909090909091,4.090909090909091
CUST00030,16,7,3884.46,4,4,3,443,New Customers,0.0,0.33999999999999997,4.428571428571429,4.142857142857143
CUST00031,110,1,672.95,2,1,1,211,At Risk Customers,0.0,0.24,4.0,5.0
CUST00032,32,4,2456.0499999999997,3,2,2,322,At Risk Customers,0.0,0.3175,4.5,3.75
CUST00033,15,6,3548.9,4,3,3,433,New Customers,0.3333333333333333,0.36833333333333335,3.6,4.166666666666667
CUST00034,53,7,4165.39,3,4,3,343,Loyal Customers,0.0,0.24714285714285714,4.285714285714286,4.0
CUST00035,188,3,1369.71,1,2,1,121,At Risk Customers,0.0,0.24333333333333332,4.333333333333333,3.0
CUST00036,88,4,1737.33,2,2,2,222,At Risk Customers,0.25,0.365,2.75,3.25
CUST00037,9,3,2021.52,4,2,2,422,New Customers,0.0,0.36333333333333334,4.0,3.0
CUST00038,11,6,2761.52,4,3,3,433,New Customers,0.0,0.36166666666666664,4.166666666666667,4.5
CUST00039,31,4,2094.09,3,2,2,322,At Risk Customers,0.0,0.265,3.75,6.0
CUST00040,215,1,634.73,1,1,1,111,At Risk Customers,0.0,0.38,5.0,6.0
CUST00041,115,4,1911.8600000000001,2,2,2,222,At Risk Customers,0.0,0.3475,4.5,4.5
CUST00042,46,10,7919.28,3,4,4,344,Loyal Customers,0.2,0.22199999999999998,3.7,3.9
CUST00043,12,2,705.3199999999999,4,1,1,411,New Customers,0.0,0.365,3.0,3.0
CUST00044,58,4,3409.6499999999996,2,2,3,223,At Risk Customers,0.0,0.3675,4.75,4.5
CUST00045,157,1,413.75,2,1,1,211,At Risk Customers,0.0,0.33,4.0,1.0
CUST00046,188,1,489.87,1,1,1,111,At Risk Customers,0.0,0.13,3.0,5.0
CUST00047,265,1,764.43,1,1,1,111,At Risk Customers,0.0,0.16,3.0,6.0
CUST00048,11,5,2860.14,4,3,3,433,New Customers,0.2,0.314,3.2,5.6
CUST00049,39,2,1172.61,3,1,1,311,At Risk Customers,0.5,0.405,3.5,4.5
CUST00050,56,4,3169.58,3,2,3,323,At Risk Customers,0.25,0.29500000000000004,3.3333333333333335,4.25
CUST00051,271,4,4444.3,1,2,4,124,High Value Customers,0.0,0.3525,4.0,4.75
CUST00052,116,3,2807.14,2,2,3,223,At Risk Customers,0.3333333333333333,0.21,3.6666666666666665,4.666666666666667
CUST00053,10,6,5422.92,4,3,4,434,New Customers,0.0,0.3016666666666667,4.333333333333333,4.333333333333333
CUST00054,23,2,1154.37,4,1,1,411,New Customers,0.5,0.195,5.0,5.0
CUST00055,1,4,1707.24,4,2,2,422,New Customers,0.0,0.2525,3.5,6.0
CUST00056,53,5,4169.73,3,3,3,333,At Risk Customers,0.0,0.286,3.6,3.8
CUST00057,197,2,2510.83,1,1,2,112,At Risk Customers,0.0,0.245,4.0,4.5
CUST00058,49,5,3930.75,3,3,3,333,At Risk Customers,0.0,0.202,4.0,3.4
CUST00059,9,5,5050.94,4,3,4,434,New Customers,0.0,0.32599999999999996,4.2,3.4
CUST00060,206,1,293.22,1,1,1,111,At Risk Customers,0.0,0.36,5.0,6.0
CUST00061,3,5,2511.7200000000003,4,3,2,432,New Customers,0.0,0.33999999999999997,4.6,4.4
CUST00062,50,5,3135.08,3,3,3,333,At Risk Customers,0.0,0.27,4.4,5.6
CUST00063,277,1,397.69,1,1,1,111,At Risk Customers,0.0,0.22,5.0,3.0
CUST00064,27,3,1634.0,3,2,2,322,At Risk Customers,0.0,0.34,3.0,4.666666666666667
CUST00065,1,4,3966.91,4,2,3,423,New Customers,0.0,0.1925,3.75,3.0
CUST00066,381,5,4598.95,1,3,4,134,High Value Customers,0.0,0.292,3.4,4.8
CUST00067,124,2,1246.44,2,1,1,211,At Risk Customers,0.5,0.19999999999999998,2.5,3.0
CUST00068,407,3,2123.66,1,2,2,122,At Risk Customers,0.3333333333333333,0.24333333333333332,4.333333333333333,4.0
CUST00069,90,2,874.47,2,1,1,211,At Risk Customers,0.0,0.225,5.0,3.5
CUST00070,99,1,542.98,2,1,1,211,At Risk Customers,0.0,0.34,2.0,4.0
CUST00071,93,1,2062.5,2,1,2,212,At Risk Customers,0.0,0.08,4.0,7.0
CUST00072,151,4,2587.02,2,2,2,222,At Risk Customers,0.0,0.1925,3.5,4.0
CUST00073,45,7,6253.77,3,4,4,344,Loyal Customers,0.0,0.15857142857142859,4.0,4.0
CUST00074,26,5,2884.48,3,3,3,333,At Risk Customers,0.2,0.392,3.8,5.0
CUST00075,44,11,7714.719999999999,3,4,4,344,Loyal Customers,0.0,0.3172727272727273,4.0,5.181818181818182
CUST00076,1,4,2888.0299999999997,4,2,3,423,New Customers,0.0,0.23,3.5,4.25
CUST00077,170,1,394.32,2,1,1,211,At Risk Customers,0.0,0.36,4.0,2.0
CUST00078,200,1,894.45,1,1,1,111,At Risk Customers,1.0,0.42,1.0,3.0
CUST00079,252,1,619.57,1,1,1,111,At Risk Customers,0.0,0.05,1.0,4.0
CUST00080,8,4,2832.98,4,2,3,423,New Customers,0.0,0.26249999999999996,3.25,3.0
CUST00081,41,9,5805.78,3,4,4,344,Loyal Customers,0.2222222222222222,0.15222222222222223,3.6666666666666665,4.333333333333333
CUST00082,315,3,1671.25,1,2,2,122,At Risk Customers,0.0,0.17,2.0,4.0
CUST00083,150,2,806.87,2,1,1,211,At Risk Customers,0.5,0.33499999999999996,3.5,5.5
CUST00084,228,1,1273.18,1,1,1,111,At Risk Customers,0.0,0.12,5.0,3.0
CUST00085,75,1,1257.8,2,1,1,211,At Risk Customers,0.0,0.2,5.0,4.0
CUST00086,40,6,3003.66,3,3,3,333,At Risk Customers,0.0,0.265,4.166666666666667,4.833333333333333
CUST00087,28,4,3610.9700000000003,3,2,3,323,At Risk Customers,0.25,0.1825,4.5,4.5
CUST00088,159,12,6774.5,2,4,4,244,Loyal Customers,0.0,0.365,4.416666666666667,4.583333333333333
CUST00089,226,2,2825.75,1,1,3,113,At Risk Customers,0.0,0.25,4.0,5.5
CUST00090,50,5,2498.83,3,3,2,332,At Risk Customers,0.0,0.354,4.6,5.2
CUST00091,18,5,5844.34,4,3,4,434,New Customers,0.2,0.186,4.2,3.4
CUST00092,34,2,1155.25,3,1,1,311,At Risk Customers,0.0,0.31,4.0,3.5
CUST00093,146,1,759.64,2,1,1,211,At Risk Customers,0.0,0.12,4.0,4.0
CUST00094,244,4,3557.43,1,2,3,123,At Risk Customers,0.0,0.1975,3.5,3.75
CUST00095,126,1,372.65,2,1,1,211,At Risk Customers,0.0,0.41,4.0,1.0
CUST00096,45,4,2403.64,3,2,2,322,At Risk Customers,0.25,0.34249999999999997,3.0,6.5
CUST00097,29,8,5040.67,3,4,4,344,Loyal Customers,0.125,0.37125,3.75,5.0
CUST00098,245,2,1843.57,1,1,2,112,At Risk Customers,0.0,0.195,3.5,8.0
CUST00099,45,6,3861.8199999999997,3,3,3,333,At Risk Customers,0.0,0.16333333333333333,4.5,3.8333333333333335
CUST00100,3,3,2209.4,4,2,2,422,New Customers,0.3333333333333333,0.17666666666666667,4.666666666666667,5.0
CUST00101,169,5,3514.87,2,3,3,233,At Risk Customers,0.0,0.274,3.8,4.0
CUST00102,18,2,2048.62,4,1,2,412,New Customers,0.0,0.14,4.5,5.5
CUST00103,7,3,2581.31,4,2,2,422,New Customers,0.0,0.2233333333333333,3.6666666666666665,5.333333333333333
CUST00104,154,1,955.63,2,1,1,211,At Risk Customers,0.0,0.31,5.0,7.0
CUST00105,40,2,2846.2999999999997,3,1,3,313,At Risk Customers,0.0,0.19,5.0,5.5
CUST00106,122,7,4352.11,2,4,4,244,Loyal Customers,0.0,0.2814285714285714,2.857142857142857,4.571428571428571
CUST00107,32,4,3891.05,3,2,3,323,At Risk Customers,0.0,0.15250000000000002,4.25,3.75
CUST00108,105,1,1074.5,2,1,1,211,At Risk Customers,1.0,0.22,1.0,4.0
CUST00109,60,6,4566.15,2,3,4,234,High Value Customers,0.0,0.3466666666666667,4.0,4.333333333333333
CUST00110,96,6,3922.07,2,3,3,233,At Risk Customers,0.0,0.26333333333333336,5.0,3.3333333333333335
CUST00111,239,1,1135.09,1,1,1,111,At Risk Customers,0.0,0.23,5.0,1.0
CUST00112,34,9,6542.4,3,4,4,344,Loyal Customers,0.2222222222222222,0.22777777777777775,4.444444444444445,3.6666666666666665
CUST00113,8,3,2095.48,4,2,2,422,New Customers,0.0,0.2833333333333333,4.0,2.6666666666666665
CUST00114,300,6,5133.53,1,3,4,134,High Value Customers,0.0,0.265,4.0,4.166666666666667
CUST00115,220,1,596.54,1,1,1,111,At Risk Customers,0.0,0.14,3.0,6.0
CUST00116,204,6,5635.9,1,3,4,134,High Value Customers,0.0,0.18666666666666668,4.333333333333333,3.8333333333333335
CUST00117,184,4,2534.33,1,2,2,122,At Risk Customers,0.0,0.16499999999999998,4.0,3.75
CUST00118,14,4,2001.17,4,2,2,422,New Customers,0.0,0.22999999999999998,4.5,5.25
CUST00119,6,6,4466.32,4,3,4,434,New Customers,0.0,0.3083333333333333,3.6666666666666665,3.8333333333333335
CUST00120,32,2,755.8399999999999,3,1,1,311,At Risk Customers,0.0,0.20500000000000002,5.0,3.0
CUST00121,23,3,3028.88,4,2,3,423,New Customers,0.0,0.21,3.0,5.333333333333333
CUST00122,167,2,2048.93,2,1,2,212,At Risk Customers,0.0,0.36,4.0,2.0
CUST00123,29,7,3742.48,3,4,3,343,Loyal Customers,0.14285714285714285,0.3171428571428571,3.5714285714285716,4.714285714285714
CUST00124,255,4,2570.5,1,2,2,122,At Risk Customers,0.0,0.3375,3.75,4.5
CUST00125,17,3,2455.21,4,2,2,422,New Customers,0.3333333333333333,0.3766666666666667,3.6666666666666665,6.0
CUST00126,118,2,1260.02,2,1,1,211,At Risk Customers,0.0,0.43,3.0,3.5
CUST00127,18,3,1136.12,4,2,1,421,New Customers,0.0,0.32666666666666666,3.6666666666666665,5.666666666666667
CUST00128,6,3,2233.06,4,2,2,422,New Customers,0.0,0.37333333333333335,3.6666666666666665,3.3333333333333335
CUST00129,32,5,4049.54,3,3,3,333,At Risk Customers,0.2,0.32199999999999995,2.5,2.8
CUST00130,57,2,1850.58,2,1,2,212,At Risk Customers,0.0,0.325,3.0,4.0
CUST00131,128,6,6830.01,2,3,4,234,High Value Customers,0.0,0.29,3.3333333333333335,5.166666666666667
CUST00132,178,5,4876.780000000001,2,3,4,234,High Value Customers,0.0,0.346,4.0,5.2
CUST00133,12,10,7152.29,4,4,4,444,Champions,0.1,0.293,3.7,3.8
CUST00134,19,6,4696.0199999999995,4,3,4,434,New Customers,0.16666666666666666,0.2866666666666667,3.6666666666666665,4.166666666666667
CUST00135,394,4,2534.18,1,2,2,122,At Risk Customers,0.0,0.29000000000000004,3.0,4.5
CUST00136,132,1,514.9,2,1,1,211,At Risk Customers,0.0,0.3,5.0,2.0
CUST00137,238,2,1035.87,1,1,1,111,At Risk Customers,0.0,0.315,4.0,4.0
CUST00138,36,2,1424.6100000000001,3,1,2,312,At Risk Customers,0.5,0.27,3.0,4.0
CUST00139,14,4,3008.66,4,2,3,423,New Customers,0.0,0.3125,3.25,3.5
CUST00140,33,5,4083.36,3,3,3,333,At Risk Customers,0.0,0.28600000000000003,3.0,6.0
CUST00141,20,2,1055.28,4,1,1,411,New Customers,0.0,0.19,4.0,3.5
CUST00142,230,5,1880.0,1,3,2,132,At Risk Customers,0.0,0.4,3.4,3.6
CUST00143,51,7,7890.950000000001,3,4,4,344,Loyal Customers,0.0,0.17857142857142858,4.142857142857143,3.7142857142857144
CUST00144,42,10,8510.65,3,4,4,344,Loyal Customers,0.1,0.305,3.9,4.3
CUST00145,91,1,502.35,2,1,1,211,At Risk Customers,0.0,0.11,5.0,6.0
CUST00146,6,6,6990.9400000000005,4,3,4,434,New Customers,0.16666666666666666,0.19166666666666665,4.6,3.5
CUST00147,27,4,3412.56,3,2,3,323,At Risk Customers,0.0,0.215,3.75,4.0
CUST00148,15,5,3702.7,4,3,3,433,New Customers,0.2,0.21600000000000003,4.2,3.8
CUST00149,10,3,2362.6400000000003,4,2,2,422,New Customers,0.3333333333333333,0.22999999999999998,4.333333333333333,6.0
CUST00150,35,5,2641.09,3,3,3,333,At Risk Customers,0.0,0.392,4.0,4.0
CUST00151,44,8,6240.6,3,4,4,344,Loyal Customers,0.0,0.30375,3.875,5.125
CUST00152,10,8,5508.0,4,4,4,444,Champions,0.125,0.3575,3.625,6.125
CUST00153,26,3,1619.74,3,2,2,322,At Risk Customers,0.0,0.3633333333333333,3.3333333333333335,7.0
CUST00154,42,10,8542.89,3,4,4,344,Loyal Customers,0.0,0.25,3.2,4.3
CUST00155,32,4,2343.2799999999997,3,2,2,322,At Risk Customers,0.0,0.39,3.5,3.5
CUST00156,28,3,4831.42,3,2,4,324,High Value Customers,0.3333333333333333,0.17,2.3333333333333335,4.333333333333333
CUST00157,61,5,2269.91,2,3,2,232,At Risk Customers,0.0,0.238,3.8,5.0
CUST00158,216,1,812.34,1,1,1,111,At Risk Customers,0.0,0.25,5.0,7.0
CUST00159,535,2,3713.77,1,1,3,113,At Risk Customers,0.0,0.27,3.5,5.0
CUST00160,238,2,1064.66,1,1,1,111,At Risk Customers,0.0,0.28500000000000003,2.5,3.5
CUST00161,14,7,6171.42,4,4,4,444,Champions,0.14285714285714285,0.2057142857142857,3.857142857142857,4.142857142857143
CUST00162,152,2,1194.5900000000001,2,1,1,211,At Risk Customers,0.0,0.29000000000000004,3.5,5.5
CUST00163,22,2,1100.06,4,1,1,411,New Customers,0.0,0.38,4.5,4.0
CUST00164,283,5,4657.03,1,3,4,134,High Value Customers,0.0,0.24,4.0,4.2
CUST00165,37,4,2287.08,3,2,2,322,At Risk Customers,0.0,0.265,4.75,3.5
CUST00166,38,3,3227.7,3,2,3,323,At Risk Customers,0.0,0.24,4.333333333333333,5.333333333333333
CUST00167,280,1,423.24,1,1,1,111,At Risk Customers,0.0,0.24,5.0,5.0
CUST00168,13,5,4794.47,4,3,4,434,New Customers,0.0,0.172,4.0,4.2
CUST00169,283,1,1799.45,1,1,2,112,At Risk Customers,0.0,0.12,2.0,4.0
CUST00170,17,12,7634.5599999999995,4,4,4,444,Champions,0.0,0.26416666666666666,3.75,4.25
CUST00171,31,4,3416.04,3,2,3,323,At Risk Customers,0.25,0.23,4.5,3.75
CUST00172,45,8,6232.719999999999,3,4,4,344,Loyal Customers,0.0,0.36125,4.0,5.25
CUST00173,43,6,2018.8200000000002,3,3,2,332,At Risk Customers,0.0,0.3566666666666667,4.166666666666667,3.6666666666666665
CUST00174,3,7,3507.37,4,4,3,443,New Customers,0.14285714285714285,0.2885714285714286,3.857142857142857,5.571428571428571
CUST00175,120,4,3568.3199999999997,2,2,3,223,At Risk Customers,0.0,0.225,2.25,5.5
CUST00176,10,4,6283.41,4,2,4,424,New Customers,0.25,0.3025,4.5,2.75
CUST00177,13,5,5158.25,4,3,4,434,New Customers,0.0,0.374,4.2,4.4
CUST00178,33,9,5965.32,3,4,4,344,Loyal Customers,0.2222222222222222,0.2544444444444445,4.444444444444445,4.111111111111111
CUST00179,36,4,1767.07,3,2,2,322,At Risk Customers,0.25,0.4575,3.25,6.0
CUST00180,157,2,1570.85,2,1,2,212,At Risk Customers,0.5,0.26,1.5,4.5
CUST00181,35,2,1815.8899999999999,3,1,2,312,At Risk Customers,0.5,0.16,3.5,4.5
CUST00182,60,2,672.78,2,1,1,211,At Risk Customers,0.5,0.33499999999999996,2.5,5.0
CUST00183,213,3,3246.8900000000003,1,2,3,123,At Risk Customers,0.0,0.25,4.0,2.6666666666666665
CUST00184,75,5,5072.85,2,3,4,234,High Value Customers,0.0,0.27199999999999996,3.6,4.8
CUST00185,25,9,5475.0,3,4,4,344,Loyal Customers,0.0,0.3188888888888889,3.888888888888889,5.0
CUST00186,16,2,2279.63,4,1,2,412,New Customers,0.0,0.26,4.5,6.0
CUST00187,53,4,2223.79,3,2,2,322,At Risk Customers,0.0,0.485,4.5,4.5
CUST00188,90,7,5810.17,2,4,4,244,Loyal Customers,0.14285714285714285,0.3085714285714286,4.0,3.2857142857142856
CUST00189,4,11,8207.06,4,4,4,444,Champions,0.09090909090909091,0.2218181818181818,4.0,4.545454545454546
CUST00190,18,2,854.78,4,1,1,411,New Customers,0.0,0.18,4.5,6.0
CUST00191,9,3,945.03,4,2,1,421,New Customers,0.0,0.4133333333333334,4.0,5.0
CUST00192,2,6,3657.1499999999996,4,3,3,433,New Customers,0.16666666666666666,0.35000000000000003,4.2,4.666666666666667
CUST00193,218,1,424.74,1,1,1,111,At Risk Customers,0.0,0.21,5.0,5.0
CUST00194,3,6,4197.11,4,3,3,433,New Customers,0.3333333333333333,0.3466666666666667,4.0,5.0
CUST00195,3,2,1955.96,4,1,2,412,New Customers,0.0,0.3,5.0,5.0
CUST00196,85,2,1272.38,2,1,1,211,At Risk Customers,0.0,0.28,3.0,8.0
CUST00197,9,12,11523.66,4,4,4,444,Champions,0.08333333333333333,0.2725,3.0,5.5
CUST00198,26,10,7958.04,3,4,4,344,Loyal Customers,0.0,0.266,3.5,3.5
CUST00199,49,5,4359.83,3,3,4,334,High Value Customers,0.0,0.242,3.4,3.6
CUST00200,26,9,7636.45,3,4,4,344,Loyal Customers,0.0,0.2,3.888888888888889,4.666666666666667
CUST00201,154,7,6691.56,2,4,4,244,Loyal Customers,0.0,0.23857142857142857,4.166666666666667,3.857142857142857
CUST00202,48,2,2363.2200000000003,3,1,2,312,At Risk Customers,0.5,0.315,5.0,4.5
CUST00203,175,2,743.3499999999999,2,1,1,211,At Risk Customers,0.0,0.39,3.0,4.5
CUST00204,47,6,3646.77,3,3,3,333,At Risk Customers,0.0,0.27666666666666667,3.6666666666666665,5.0
CUST00205,7,6,3610.58,4,3,3,433,New Customers,0.0,0.22666666666666668,4.0,4.666666666666667
CUST00206,179,10,6479.7,2,4,4,244,Loyal Customers,0.1,0.265,3.8,5.4
CUST00207,79,1,193.1,2,1,1,211,At Risk Customers,0.0,0.62,,5.0
CUST00208,152,6,6865.35,2,3,4,234,High Value Customers,0.0,0.20000000000000004,4.166666666666667,5.666666666666667
CUST00209,340,5,3422.88,1,3,3,133,At Risk Customers,0.2,0.192,2.4,5.4
CUST00210,189,2,1254.8700000000001,1,1,1,111,At Risk Customers,0.0,0.27,4.5,5.5
CUST00211,28,7,27920.05,3,4,4,344,Loyal Customers,0.0,0.31714285714285717,3.5714285714285716,5.285714285714286
CUST00212,265,3,2071.6800000000003,1,2,2,122,At Risk Customers,0.0,0.32666666666666666,4.666666666666667,6.333333333333333
CUST00213,147,2,1680.61,2,1,2,212,At Risk Customers,1.0,0.2,3.5,5.5
CUST00214,125,1,1427.16,2,1,2,212,At Risk Customers,0.0,0.22,4.0,6.0
CUST00215,95,3,1564.1,2,2,2,222,At Risk Customers,0.0,0.19666666666666666,3.0,4.666666666666667
CUST00216,109,1,1349.42,2,1,1,211,At Risk Customers,1.0,0.27,4.0,5.0
CUST00217,140,3,1179.94,2,2,1,221,At Risk Customers,0.0,0.35333333333333333,3.0,3.0
CUST00218,15,4,2728.57,4,2,3,423,New Customers,0.25,0.11,4.25,3.25
CUST00219,215,6,2782.79,1,3,3,133,At Risk Customers,0.0,0.36166666666666664,4.0,5.166666666666667
CUST00220,19,4,1750.5,4,2,2,422,New Customers,0.0,0.25,4.5,5.5
CUST00221,9,3,1357.66,4,2,1,421,New Customers,0.0,0.33,3.6666666666666665,3.3333333333333335
CUST00222,247,2,1259.5,1,1,1,111,At Risk Customers,0.0,0.45,4.5,3.5
CUST00223,164,1,757.58,2,1,1,211,At Risk Customers,0.0,0.53,5.0,8.0
CUST00224,8,4,3249.04,4,2,3,423,New Customers,0.25,0.28500000000000003,3.5,5.25
CUST00225,149,3,3012.6,2,2,3,223,At Risk Customers,0.0,0.32,4.333333333333333,3.6666666666666665
CUST00226,5,4,3683.7,4,2,3,423,New Customers,0.25,0.1675,4.25,4.25
CUST00227,214,6,4383.02,1,3,4,134,High Value Customers,0.16666666666666666,0.2816666666666667,4.166666666666667,4.833333333333333
CUST00228,143,7,4150.72,2,4,3,243,Loyal Customers,0.14285714285714285,0.33428571428571424,3.4285714285714284,4.857142857142857
CUST00229,153,5,3077.41,2,3,3,233,At Risk Customers,0.0,0.304,3.8,5.4
CUST00230,16,9,8646.32,4,4,4,444,Champions,0.0,0.21666666666666667,4.111111111111111,4.222222222222222
CUST00231,22,4,2330.3900000000003,4,2,2,422,New Customers,0.0,0.185,4.5,3.75
CUST00232,8,3,3010.99,4,2,3,423,New Customers,0.0,0.24666666666666667,2.5,5.666666666666667
CUST00233,422,3,1626.9899999999998,1,2,2,122,At Risk Customers,0.0,0.2866666666666667,3.3333333333333335,5.666666666666667
CUST00234,35,7,5988.42,3,4,4,344,Loyal Customers,0.0,0.16428571428571428,3.7142857142857144,3.857142857142857
CUST00235,13,5,3186.58,4,3,3,433,New Customers,0.0,0.21600000000000003,4.2,3.4
CUST00236,18,2,1796.52,4,1,2,412,New Customers,0.0,0.31,4.0,2.5
CUST00237,30,5,4240.2,3,3,3,333,At Risk Customers,0.0,0.262,3.8,3.6
CUST00238,57,3,3798.2000000000003,2,2,3,223,At Risk Customers,0.3333333333333333,0.16333333333333333,3.6666666666666665,4.666666666666667
CUST00239,381,1,208.1,1,1,1,111,At Risk Customers,0.0,0.51,5.0,5.0
CUST00240,18,3,2710.16,4,2,3,423,New Customers,0.0,0.17333333333333334,4.666666666666667,5.666666666666667
CUST00241,7,4,4566.46,4,2,4,424,New Customers,0.0,0.38,4.25,3.25
CUST00242,16,7,4040.24,4,4,3,443,New Customers,0.14285714285714285,0.30428571428571427,3.2857142857142856,3.142857142857143
CUST00243,130,4,3129.06,2,2,3,223,At Risk Customers,0.25,0.395,3.25,3.25
CUST00244,205,2,2449.86,1,1,2,112,At Risk Customers,0.0,0.22499999999999998,3.0,5.0
CUST00245,9,5,3729.23,4,3,3,433,New Customers,0.0,0.306,4.0,3.2
CUST00246,34,5,3071.41,3,3,3,333,At Risk Customers,0.2,0.198,3.2,5.4
CUST00247,118,11,5611.35,2,4,4,244,Loyal Customers,0.0,0.41363636363636364,3.5454545454545454,4.636363636363637
CUST00248,53,8,4617.07,3,4,4,344,Loyal Customers,0.0,0.30874999999999997,3.375,3.375
CUST00249,223,3,1761.46,1,2,2,122,At Risk Customers,0.0,0.4066666666666667,4.333333333333333,4.666666666666667
CUST00250,37,2,1335.96,3,1,1,311,At Risk Customers,0.0,0.28500000000000003,5.0,5.0
CUST00251,102,1,966.73,2,1,1,211,At Risk Customers,1.0,0.37,5.0,8.0
CUST00252,251,6,5194.02,1,3,4,134,High Value Customers,0.0,0.3216666666666667,3.5,5.0
CUST00253,252,3,1901.1299999999999,1,2,2,122,At Risk Customers,0.0,0.19999999999999998,4.0,3.6666666666666665
CUST00254,244,4,3041.57,1,2,3,123,At Risk Customers,0.0,0.33999999999999997,4.25,5.75
CUST00255,50,7,5070.56,3,4,4,344,Loyal Customers,0.14285714285714285,0.24714285714285714,3.7142857142857144,3.857142857142857
CUST00256,242,2,1727.8400000000001,1,1,2,112,At Risk Customers,0.0,0.105,4.0,6.0
CUST00257,51,3,1361.41,3,2,1,321,At Risk Customers,0.0,0.32666666666666666,3.3333333333333335,5.0
CUST00258,36,11,6740.7300000000005,3,4,4,344,Loyal Customers,0.0,0.26545454545454544,4.181818181818182,5.090909090909091
CUST00259,253,1,1519.33,1,1,2,112,At Risk Customers,0.0,0.32,4.0,3.0
CUST00260,14,3,2237.58,4,2,2,422,New Customers,0.0,0.3566666666666667,3.0,4.666666666666667
CUST00261,7,3,2884.77,4,2,3,423,New Customers,0.0,0.3,3.6666666666666665,3.6666666666666665
CUST00262,10,3,1649.48,4,2,2,422,New Customers,0.0,0.16666666666666666,4.333333333333333,5.666666666666667
CUST00263,50,13,8211.17,3,4,4,344,Loyal Customers,0.23076923076923078,0.3376923076923077,3.923076923076923,5.384615384615385
CUST00264,92,2,671.0999999999999,2,1,1,211,At Risk Customers,0.0,0.31,3.5,3.0
CUST00265,10,3,1918.74,4,2,2,422,New Customers,0.0,0.20000000000000004,5.0,3.6666666666666665
CUST00266,219,4,5306.62,1,2,4,124,High Value Customers,0.25,0.255,3.5,2.5
CUST00267,90,4,4026.2300000000005,2,2,3,223,At Risk Customers,0.25,0.25,3.0,4.5
CUST00268,40,4,4982.92,3,2,4,324,High Value Customers,0.0,0.33,4.5,4.5
CUST00269,34,4,3130.84,3,2,3,323,At Risk Customers,0.0,0.3025,4.5,4.0
CUST00270,14,4,3158.67,4,2,3,423,New Customers,0.25,0.2325,4.25,4.5
CUST00271,10,6,5326.4,4,3,4,434,New Customers,0.0,0.2416666666666667,3.5,6.0
CUST00272,54,14,14120.16,3,4,4,344,Loyal Customers,0.0,0.23142857142857146,3.5,4.357142857142857
CUST00273,23,9,6554.51,4,4,4,444,Champions,0.1111111111111111,0.19555555555555557,4.222222222222222,5.222222222222222
CUST00274,56,2,1003.95,3,1,1,311,At Risk Customers,0.0,0.255,3.5,4.5
CUST00275,302,6,3879.21,1,3,3,133,At Risk Customers,0.0,0.22,3.1666666666666665,5.0
CUST00276,10,7,9212.91,4,4,4,444,Champions,0.0,0.25,3.857142857142857,4.571428571428571
CUST00277,6,4,2222.75,4,2,2,422,New Customers,0.25,0.23,4.0,3.0
CUST00278,130,4,2768.06,2,2,3,223,At Risk Customers,0.0,0.265,3.5,4.25
CUST00279,40,10,6562.58,3,4,4,344,Loyal Customers,0.0,0.33799999999999997,4.0,4.4
CUST00280,53,9,7889.99,3,4,4,344,Loyal Customers,0.0,0.2688888888888889,3.7777777777777777,4.666666666666667
CUST00281,96,2,1161.06,2,1,1,211,At Risk Customers,0.0,0.335,3.5,5.5
CUST00282,357,2,774.76,1,1,1,111,At Risk Customers,0.0,0.33999999999999997,2.5,4.5
CUST00283,42,11,8318.05,3,4,4,344,Loyal Customers,0.18181818181818182,0.33272727272727276,4.090909090909091,3.8181818181818183
CUST00284,352,2,781.62,1,1,1,111,At Risk Customers,0.0,0.345,4.0,4.5
CUST00285,23,5,2538.27,4,3,2,432,New Customers,0.0,0.312,3.4,3.4
CUST00286,430,2,2027.25,1,1,2,112,At Risk Customers,0.0,0.395,4.0,6.5
CUST00287,40,7,6816.38,3,4,4,344,Loyal Customers,0.0,0.25857142857142856,3.857142857142857,3.5714285714285716
CUST00288,171,2,1096.1,2,1,1,211,At Risk Customers,0.0,0.255,4.5,6.5
CUST00289,56,3,1303.02,3,2,1,321,At Risk Customers,0.0,0.2833333333333333,4.333333333333333,3.0
CUST00290,59,2,878.26,2,1,1,211,At Risk Customers,0.0,0.23,4.5,4.5
CUST00291,119,9,5604.34,2,4,4,244,Loyal Customers,0.2222222222222222,0.33555555555555555,3.4444444444444446,4.444444444444445
CUST00292,8,4,3132.6,4,2,3,423,New Customers,0.25,0.17750000000000002,3.75,3.5
CUST00293,291,3,1699.71,1,2,2,122,At Risk Customers,0.0,0.3233333333333333,5.0,3.3333333333333335
CUST00294,35,3,3612.55,3,2,3,323,At Risk Customers,0.0,0.16333333333333333,3.0,4.666666666666667
CUST00295,11,5,4296.54,4,3,4,434,New Customers,0.0,0.418,4.2,4.6
CUST00296,193,4,1989.83,1,2,2,122,At Risk Customers,0.0,0.195,5.0,4.75
CUST00297,215,1,1130.29,1,1,1,111,At Risk Customers,0.0,0.16,2.0,2.0
CUST00298,262,1,1122.99,1,1,1,111,At Risk Customers,0.0,0.2,3.0,6.0
CUST00299,404,4,2302.1800000000003,1,2,2,122,At Risk Customers,0.25,0.4175,4.0,4.25
CUST00300,48,5,2586.24,3,3,2,332,At Risk Customers,0.0,0.376,4.4,4.4
CUST00301,27,9,7935.46,3,4,4,344,Loyal Customers,0.0,0.17888888888888888,3.3333333333333335,4.333333333333333
CUST00302,209,4,2534.0,1,2,2,122,At Risk Customers,0.25,0.3975,4.25,3.75
CUST00303,15,8,5373.69,4,4,4,444,Champions,0.125,0.22625,3.75,3.875
CUST00304,148,3,2837.27,2,2,3,223,At Risk Customers,0.0,0.23666666666666666,4.0,5.666666666666667
CUST00305,227,1,531.59,1,1,1,111,At Risk Customers,0.0,0.19,5.0,3.0
CUST00306,47,6,5851.889999999999,3,3,4,334,High Value Customers,0.16666666666666666,0.21333333333333335,4.166666666666667,5.5
CUST00307,93,3,2114.17,2,2,2,222,At Risk Customers,0.3333333333333333,0.42333333333333334,4.333333333333333,3.6666666666666665
CUST00308,43,3,2518.37,3,2,2,322,At Risk Customers,0.0,0.25333333333333335,3.6666666666666665,4.0
CUST00309,69,3,2731.6099999999997,2,2,3,223,At Risk Customers,0.0,0.3666666666666667,4.0,3.6666666666666665
CUST00310,22,2,1126.21,4,1,1,411,New Customers,0.5,0.24000000000000002,4.5,4.5
CUST00311,109,1,1336.82,2,1,1,211,At Risk Customers,0.0,0.1,2.0,5.0
CUST00312,125,1,486.27,2,1,1,211,At Risk Customers,0.0,0.2,5.0,4.0
CUST00313,223,1,769.77,1,1,1,111,At Risk Customers,0.0,0.33,3.0,4.0
CUST00314,77,1,560.98,2,1,1,211,At Risk Customers,0.0,0.29,5.0,5.0
CUST00315,5,12,11129.380000000001,4,4,4,444,Champions,0.0,0.32,4.333333333333333,4.75
CUST00316,158,2,1079.82,2,1,1,211,At Risk Customers,0.5,0.32,3.5,6.0
CUST00317,161,1,1353.24,2,1,1,211,At Risk Customers,0.0,0.19,3.0,7.0
CUST00318,56,6,6278.88,3,3,4,334,High Value Customers,0.0,0.24333333333333332,4.666666666666667,5.5
CUST00319,208,6,2585.4700000000003,1,3,2,132,At Risk Customers,0.0,0.32666666666666666,4.5,4.333333333333333
CUST00320,50,8,5389.51,3,4,4,344,Loyal Customers,0.0,0.31,3.375,4.75
CUST00321,177,6,3100.54,2,3,3,233,At Risk Customers,0.0,0.3133333333333333,3.3333333333333335,5.333333333333333
CUST00322,46,6,3582.34,3,3,3,333,At Risk Customers,0.0,0.4033333333333333,4.166666666666667,4.5
CUST00323,27,9,7552.84,3,4,4,344,Loyal Customers,0.0,0.3333333333333333,4.0,3.3333333333333335
CUST00324,335,4,6039.5599999999995,1,2,4,124,High Value Customers,0.25,0.1925,4.75,6.5
CUST00325,3,4,3975.12,4,2,3,423,New Customers,0.0,0.2725,4.0,3.0
CUST00326,185,3,1868.65,1,2,2,122,At Risk Customers,0.0,0.23666666666666666,3.6666666666666665,3.0
CUST00327,63,3,1087.67,2,2,1,221,At Risk Customers,0.0,0.3133333333333333,4.0,4.333333333333333
CUST00328,383,1,371.68,1,1,1,111,At Risk Customers,0.0,0.32,5.0,3.0
CUST00329,8,4,2102.61,4,2,2,422,New Customers,0.0,0.16,3.75,5.0
CUST00330,26,4,1658.54,3,2,2,322,At Risk Customers,0.0,0.33,3.75,4.5
CUST00331,212,5,3450.66,1,3,3,133,At Risk Customers,0.2,0.422,2.8,3.8
CUST00332,19,4,4830.33,4,2,4,424,New Customers,0.25,0.27,3.25,4.0
CUST00333,30,2,1205.58,3,1,1,311,At Risk Customers,0.0,0.2,4.0,4.5
CUST00334,146,3,2170.31,2,2,2,222,At Risk Customers,0.3333333333333333,0.35666666666666663,3.3333333333333335,4.666666666666667
CUST00335,18,4,2833.44,4,3,3,433,New Customers,0.25,0.345,4.0,6.75
CUST00336,5,7,3979.4700000000003,4,4,3,443,New Customers,0.0,0.21428571428571427,4.714285714285714,4.428571428571429
CUST00337,68,2,1887.73,2,1,2,212,At Risk Customers,0.0,0.385,3.5,4.5
CUST00338,19,2,1364.21,4,1,1,411,New Customers,0.5,0.21500000000000002,3.0,4.5
CUST00339,28,5,3070.33,3,3,3,333,At Risk Customers,0.2,0.31,4.5,5.0
CUST00340,47,10,6781.87,3,4,4,344,Loyal Customers,0.1,0.182,3.8,3.9
CUST00341,24,2,1262.52,3,1,1,311,At Risk Customers,0.0,0.385,4.0,2.5
CUST00342,1,4,3043.19,4,3,3,433,New Customers,0.0,0.3675,4.5,5.25
CUST00343,52,6,2874.94,3,3,3,333,At Risk Customers,0.0,0.24333333333333332,4.333333333333333,4.0
CUST00344,33,6,4985.95,3,3,4,334,High Value Customers,0.0,0.17166666666666666,4.0,6.333333333333333
CUST00345,45,6,6318.72,3,3,4,334,High Value Customers,0.0,0.145,4.666666666666667,3.8333333333333335
CUST00346,60,12,10622.109999999999,2,4,4,244,Loyal Customers,0.16666666666666666,0.25333333333333335,4.333333333333333,4.416666666666667
CUST00347,245,4,3311.46,1,3,3,133,At Risk Customers,0.0,0.3825,4.0,4.0
CUST00348,43,4,3043.55,3,3,3,333,At Risk Customers,0.0,0.275,4.25,4.0
CUST00349,15,6,5889.18,4,3,4,434,New Customers,0.16666666666666666,0.21,4.333333333333333,3.8333333333333335
CUST00350,1,3,2121.43,4,2,2,422,New Customers,0.0,0.09000000000000001,4.0,2.3333333333333335
CUST00351,14,8,8615.57,4,4,4,444,Champions,0.125,0.21,4.0,4.375
CUST00352,23,3,2352.36,4,2,2,422,New Customers,0.3333333333333333,0.3,5.0,4.0
CUST00353,179,4,1755.1200000000001,2,3,2,232,At Risk Customers,0.0,0.25,4.0,5.0
CUST00354,25,6,3470.21,3,3,3,333,At Risk Customers,0.0,0.20833333333333334,3.8333333333333335,4.5
CUST00355,232,4,3405.2,1,3,3,133,At Risk Customers,0.0,0.1175,3.75,4.75
CUST00356,22,6,3137.74,4,3,3,433,New Customers,0.0,0.26166666666666666,2.5,3.8333333333333335
CUST00357,103,1,513.15,2,1,1,211,At Risk Customers,0.0,0.29,1.0,4.0
CUST00358,162,2,1523.3600000000001,2,1,2,212,At Risk Customers,0.0,0.33499999999999996,4.0,7.0
CUST00359,30,9,6910.4,3,4,4,344,Loyal Customers,0.1111111111111111,0.2688888888888889,3.888888888888889,3.0
CUST00360,33,8,9265.23,3,4,4,344,Loyal Customers,0.0,0.17375,3.375,4.375
CUST00361,230,1,361.04,1,1,1,111,At Risk Customers,1.0,0.12,5.0,4.0
CUST00362,13,6,3159.8599999999997,4,3,3,433,New Customers,0.16666666666666666,0.29333333333333333,4.333333333333333,5.0
CUST00363,34,3,1780.5900000000001,3,2,2,322,At Risk Customers,0.3333333333333333,0.26,3.6666666666666665,4.333333333333333
CUST00364,420,3,2049.88,1,2,2,122,At Risk Customers,0.0,0.24666666666666667,4.333333333333333,5.0
CUST00365,219,1,1015.06,1,1,1,111,At Risk Customers,0.0,0.21,2.0,6.0
CUST00366,38,6,6762.91,3,3,4,334,High Value Customers,0.0,0.21166666666666667,4.0,3.8333333333333335
CUST00367,273,1,884.81,1,1,1,111,At Risk Customers,0.0,0.14,1.0,5.0
CUST00368,116,1,348.81,2,1,1,211,At Risk Customers,1.0,0.25,5.0,4.0
CUST00369,132,3,2263.62,2,2,2,222,At Risk Customers,0.0,0.25333333333333335,3.6666666666666665,6.0
CUST00370,233,1,452.14,1,1,1,111,At Risk Customers,0.0,0.42,5.0,7.0
CUST00371,185,3,2631.54,1,2,3,123,At Risk Customers,0.0,0.16666666666666666,3.6666666666666665,3.3333333333333335
CUST00372,2,3,1343.1,4,2,1,421,New Customers,0.0,0.33,4.0,3.0
CUST00373,134,2,1612.8899999999999,2,1,2,212,At Risk Customers,0.0,0.3,1.0,4.0
CUST00374,280,2,795.8299999999999,1,1,1,111,At Risk Customers,0.0,0.345,4.5,7.5
CUST00375,146,6,3564.29,2,3,3,233,At Risk Customers,0.0,0.32833333333333337,4.333333333333333,4.0
CUST00376,106,8,5532.45,2,4,4,244,Loyal Customers,0.0,0.2675,4.375,4.125
CUST00377,141,4,2214.32,2,3,2,232,At Risk Customers,0.0,0.2625,4.75,3.0
CUST00378,160,1,1622.32,2,1,2,212,At Risk Customers,0.0,0.29,4.0,3.0
CUST00379,136,2,1029.97,2,1,1,211,At Risk Customers,0.0,0.16,3.0,5.0
CUST00380,28,7,3831.9,3,4,3,343,Loyal Customers,0.0,0.3885714285714286,4.142857142857143,4.428571428571429
CUST00381,243,1,597.86,1,1,1,111,At Risk Customers,0.0,0.28,4.0,8.0
CUST00382,43,3,1584.55,3,2,2,322,At Risk Customers,0.0,0.09000000000000001,3.6666666666666665,3.0
CUST00383,7,7,5682.3099999999995,4,4,4,444,Champions,0.14285714285714285,0.19714285714285715,4.571428571428571,4.0
CUST00384,24,3,1529.26,3,2,2,322,At Risk Customers,0.0,0.21,4.666666666666667,3.0
CUST00385,8,9,6949.7,4,4,4,444,Champions,0.0,0.29666666666666663,3.5555555555555554,4.444444444444445
CUST00386,34,7,5490.0,3,4,4,344,Loyal Customers,0.0,0.23857142857142857,4.571428571428571,4.142857142857143
CUST00387,1,3,3480.7,4,2,3,423,New Customers,0.3333333333333333,0.18666666666666668,2.6666666666666665,4.333333333333333
CUST00388,98,5,2574.36,2,3,2,232,At Risk Customers,0.0,0.328,4.4,3.6
CUST00389,1,12,8394.1,4,4,4,444,Champions,0.0,0.3025,3.9166666666666665,3.5833333333333335
CUST00390,115,2,1639.4299999999998,2,1,2,212,At Risk Customers,0.0,0.35,3.5,6.5
CUST00391,50,4,3250.96,3,3,3,333,At Risk Customers,0.0,0.25,4.0,4.75
CUST00392,194,7,5290.95,1,4,4,144,Loyal Customers,0.0,0.2785714285714286,4.142857142857143,4.0
CUST00393,3,3,2797.96,4,2,3,423,New Customers,0.0,0.22,3.0,4.666666666666667
CUST00394,50,2,1196.59,3,1,1,311,At Risk Customers,0.0,0.22999999999999998,5.0,6.0
CUST00395,8,4,2294.75,4,3,2,432,New Customers,0.0,0.305,4.5,3.0
CUST00396,47,6,3382.7599999999998,3,3,3,333,At Risk Customers,0.0,0.225,4.8,4.833333333333333
CUST00397,140,11,9647.73,2,4,4,244,Loyal Customers,0.0,0.21545454545454545,3.1818181818181817,4.545454545454546
CUST00398,30,5,3322.37,3,3,3,333,At Risk Customers,0.0,0.29,4.6,3.8
CUST00399,323,4,2749.65,1,3,3,133,At Risk Customers,0.0,0.3025,2.75,3.25
CUST00400,35,2,1613.97,3,1,2,312,At Risk Customers,0.0,0.505,4.0,4.5
CUST00401,8,2,1106.27,4,1,1,411,New Customers,0.0,0.225,4.0,2.5
CUST00402,193,3,1410.06,1,2,2,122,At Risk Customers,0.0,0.36000000000000004,4.333333333333333,4.666666666666667
CUST00403,29,3,2404.71,3,2,2,322,At Risk Customers,0.0,0.19000000000000003,4.666666666666667,4.666666666666667
CUST00404,254,6,4631.52,1,3,4,134,High Value Customers,0.0,0.20666666666666667,4.0,4.833333333333333
CUST00405,63,1,282.03,2,1,1,211,At Risk Customers,1.0,0.5,5.0,4.0
CUST00406,23,4,1427.6,4,3,2,432,New Customers,0.0,0.325,2.5,5.5
CUST00407,17,2,2405.56,4,1,2,412,New Customers,0.0,0.265,5.0,3.5
CUST00408,54,8,4751.44,3,4,4,344,Loyal Customers,0.125,0.24125,3.875,4.5
CUST00409,119,7,4946.35,2,4,4,244,Loyal Customers,0.42857142857142855,0.2671428571428572,3.857142857142857,4.571428571428571
CUST00410,51,3,2009.71,3,2,2,322,At Risk Customers,0.0,0.25666666666666665,4.666666666666667,3.6666666666666665
CUST00411,314,1,1756.76,1,1,2,112,At Risk Customers,0.0,0.16,4.0,4.0
CUST00412,590,1,1486.51,1,1,2,112,At Risk Customers,0.0,0.04,3.0,7.0
CUST00413,28,4,2693.84,3,3,3,333,At Risk Customers,0.25,0.395,4.5,4.5
CUST00414,64,1,311.44,2,1,1,211,At Risk Customers,1.0,0.32,4.0,8.0
CUST00415,181,2,2282.07,1,1,2,112,At Risk Customers,0.0,0.255,5.0,4.0
CUST00416,60,3,1804.88,2,2,2,222,At Risk Customers,0.0,0.26666666666666666,4.0,6.0
CUST00417,212,4,2750.0299999999997,1,3,3,133,At Risk Customers,0.0,0.2525,4.25,4.75
CUST00418,48,3,2381.17,3,2,2,322,At Risk Customers,0.0,0.17333333333333334,5.0,3.6666666666666665
CUST00419,159,2,1795.1,2,1,2,212,At Risk Customers,0.0,0.30000000000000004,5.0,3.5
CUST00420,48,5,4695.67,3,3,4,334,High Value Customers,0.0,0.178,4.4,5.6
CUST00421,47,8,6285.45,3,4,4,344,Loyal Customers,0.125,0.265,4.375,4.0
CUST00422,186,2,1075.03,1,1,1,111,At Risk Customers,0.0,0.25,4.5,6.0
CUST00423,196,3,2349.76,1,2,2,122,At Risk Customers,0.0,0.21666666666666667,2.0,3.6666666666666665
CUST00424,174,2,1297.49,2,1,1,211,At Risk Customers,0.0,0.21000000000000002,4.0,4.0
CUST00425,4,5,3571.95,4,3,3,433,New Customers,0.0,0.248,4.75,3.8
CUST00426,138,2,1478.25,2,1,2,212,At Risk Customers,0.0,0.175,4.5,5.0
CUST00427,62,2,331.53,2,1,1,211,At Risk Customers,0.5,0.41500000000000004,3.5,5.0
CUST00428,2,8,5359.36,4,4,4,444,Champions,0.0,0.2925,3.25,5.25
CUST00429,14,3,1361.81,4,2,1,421,New Customers,0.0,0.2333333333333333,3.0,6.0
CUST00430,19,4,2817.12,4,3,3,433,New Customers,0.0,0.2675,3.75,3.25
CUST00431,215,2,903.65,1,1,1,111,At Risk Customers,0.0,0.435,4.5,3.0
CUST00432,173,4,5036.07,2,3,4,234,High Value Customers,0.0,0.2425,4.25,2.75
CUST00433,53,7,5386.66,3,4,4,344,Loyal Customers,0.14285714285714285,0.30428571428571427,2.2857142857142856,4.571428571428571
CUST00434,34,3,1824.26,3,2,2,322,At Risk Customers,0.0,0.2866666666666667,4.0,4.333333333333333
CUST00435,261,3,1740.56,1,2,2,122,At Risk Customers,0.3333333333333333,0.27,3.6666666666666665,6.0
CUST00436,9,5,5612.16,4,3,4,434,New Customers,0.0,0.168,3.6,4.6
CUST00437,49,3,2048.04,3,2,2,322,At Risk Customers,0.0,0.22999999999999998,3.3333333333333335,2.6666666666666665
CUST00438,125,3,2466.39,2,2,2,222,At Risk Customers,1.0,0.16,3.0,4.333333333333333
CUST00439,180,3,1981.34,2,2,2,222,At Risk Customers,0.3333333333333333,0.33666666666666667,3.3333333333333335,3.3333333333333335
CUST00440,125,1,325.03,2,1,1,211,At Risk Customers,0.0,0.56,4.0,4.0
CUST00441,272,1,786.67,1,1,1,111,At Risk Customers,0.0,0.24,5.0,9.0
CUST00442,130,8,4905.34,2,4,4,244,Loyal Customers,0.0,0.36,3.75,5.5
CUST00443,326,3,1694.35,1,2,2,122,At Risk Customers,0.0,0.25,4.333333333333333,4.666666666666667
CUST00444,293,1,520.84,1,1,1,111,At Risk Customers,0.0,0.19,5.0,2.0
CUST00445,60,2,2068.62,2,1,2,212,At Risk Customers,0.0,0.375,4.5,3.5
CUST00446,87,1,521.16,2,1,1,211,At Risk Customers,0.0,0.33,4.0,2.0
CUST00447,8,8,3821.6,4,4,3,443,New Customers,0.125,0.36375,4.125,4.75
CUST00448,197,5,4291.91,1,3,4,134,High Value Customers,0.4,0.202,3.0,3.8
CUST00449,270,2,661.52,1,1,1,111,At Risk Customers,0.0,0.38,5.0,3.0
CUST00450,57,2,1364.32,2,1,1,211,At Risk Customers,0.0,0.155,4.0,4.5
CUST00451,60,5,4244.52,2,3,3,233,At Risk Customers,0.2,0.162,4.2,4.8
CUST00452,317,6,1929.85,1,3,2,132,At Risk Customers,0.0,0.38999999999999996,4.333333333333333,5.0
CUST00453,53,5,3564.87,3,3,3,333,At Risk Customers,0.0,0.308,3.8,6.2
CUST00454,6,7,5177.76,4,4,4,444,Champions,0.0,0.1685714285714286,3.857142857142857,5.0
CUST00455,334,3,1616.76,1,2,2,122,At Risk Customers,0.0,0.43,4.333333333333333,6.666666666666667
CUST00456,208,4,3440.2,1,3,3,133,At Risk Customers,0.0,0.1575,4.25,5.25
CUST00457,382,2,1371.21,1,1,1,111,At Risk Customers,0.0,0.15000000000000002,4.5,5.0
CUST00458,40,3,1730.31,3,2,2,322,At Risk Customers,0.0,0.3566666666666667,2.6666666666666665,4.0
CUST00459,298,3,2928.0299999999997,1,2,3,123,At Risk Customers,0.3333333333333333,0.18000000000000002,4.333333333333333,4.0
CUST00460,48,12,9567.38,3,4,4,344,Loyal Customers,0.08333333333333333,0.27416666666666667,3.75,4.583333333333333
CUST00461,255,4,1579.47,1,3,2,132,At Risk Customers,0.0,0.305,4.5,3.5
CUST00462,96,3,2689.5,2,2,3,223,At Risk Customers,0.0,0.3566666666666667,3.6666666666666665,4.0
CUST00463,10,7,7375.860000000001,4,4,4,444,Champions,0.0,0.25285714285714284,3.142857142857143,5.142857142857143
CUST00464,167,10,6495.79,2,4,4,244,Loyal Customers,0.1,0.34500000000000003,3.2,5.0
CUST00465,238,1,1298.74,1,1,1,111,At Risk Customers,0.0,0.37,4.0,1.0
CUST00466,18,12,6279.43,4,4,4,444,Champions,0.08333333333333333,0.31083333333333335,3.5,4.25
CUST00467,6,3,1620.28,4,2,2,422,New Customers,0.0,0.3333333333333333,4.666666666666667,4.0
CUST00468,259,2,1077.8600000000001,1,1,1,111,At Risk Customers,0.5,0.385,1.5,4.0
CUST00469,1,4,2772.31,4,3,3,433,New Customers,0.0,0.39,2.5,4.25
CUST00470,227,5,3508.62,1,3,3,133,At Risk Customers,0.0,0.362,3.8,4.6
CUST00471,187,1,307.23,1,1,1,111,At Risk Customers,0.0,0.49,4.0,6.0
CUST00472,26,5,4789.49,3,3,4,334,High Value Customers,0.0,0.146,4.0,5.2
CUST00473,182,6,3513.72,1,3,3,133,At Risk Customers,0.16666666666666666,0.24166666666666667,4.0,5.0
CUST00474,1,4,2364.05,4,3,2,432,New Customers,0.25,0.265,3.75,4.75
CUST00475,8,10,7340.669999999999,4,4,4,444,Champions,0.0,0.211,4.6,4.8
CUST00476,201,7,6233.25,1,4,4,144,Loyal Customers,0.14285714285714285,0.38285714285714284,4.142857142857143,4.571428571428571
CUST00477,60,5,3519.83,2,3,3,233,At Risk Customers,0.0,0.462,3.4,4.0
CUST00478,43,4,2005.68,3,3,2,332,At Risk Customers,0.0,0.32499999999999996,4.75,3.5
CUST00479,330,1,319.34,1,1,1,111,At Risk Customers,0.0,0.27,4.0,3.0
CUST00480,209,7,4227.82,1,4,3,143,Loyal Customers,0.0,0.19285714285714287,3.2857142857142856,3.5714285714285716
CUST00481,54,4,1811.91,3,3,2,332,At Risk Customers,0.0,0.2,5.0,3.0
CUST00482,12,6,3296.44,4,3,3,433,New Customers,0.16666666666666666,0.3233333333333333,4.0,4.666666666666667
CUST00483,35,8,5388.37,3,4,4,344,Loyal Customers,0.125,0.24375,4.125,4.25
CUST00484,59,6,6028.98,2,3,4,234,High Value Customers,0.3333333333333333,0.17666666666666667,3.8333333333333335,4.5
CUST00485,289,5,2971.02,1,3,3,133,At Risk Customers,0.0,0.426,3.0,6.0
CUST00486,43,2,1807.8600000000001,3,1,2,312,At Risk Customers,0.0,0.195,4.0,4.5
CUST00487,23,8,3049.97,4,4,3,443,New Customers,0.125,0.4475,4.125,7.375
CUST00488,278,4,2427.65,1,3,2,132,At Risk Customers,0.0,0.27,4.5,3.0
CUST00489,271,1,963.44,1,1,1,111,At Risk Customers,0.0,0.37,4.0,4.0
CUST00490,34,2,2074.38,3,1,2,312,At Risk Customers,0.5,0.19,3.0,5.0
CUST00491,26,3,1795.63,3,2,2,322,At Risk Customers,0.3333333333333333,0.23666666666666666,3.3333333333333335,3.3333333333333335
CUST00492,51,7,6233.68,3,4,4,344,Loyal Customers,0.14285714285714285,0.3271428571428571,4.0,4.571428571428571
CUST00493,169,2,1757.06,2,1,2,212,At Risk Customers,0.5,0.28500000000000003,3.0,3.0
CUST00494,16,3,3012.2300000000005,4,2,3,423,New Customers,0.0,0.15,4.333333333333333,3.3333333333333335
CUST00495,41,3,2838.69,3,2,3,323,At Risk Customers,0.0,0.33,4.333333333333333,3.6666666666666665
CUST00496,54,3,2971.8500000000004,3,2,3,323,At Risk Customers,0.0,0.27666666666666667,4.666666666666667,5.666666666666667
CUST00497,220,1,1724.62,1,1,2,112,At Risk Customers,0.0,0.14,2.0,7.0
CUST00498,50,4,2790.75,3,3,3,333,At Risk Customers,0.0,0.1875,4.25,3.0
CUST00499,27,4,3425.97,3,3,3,333,At Risk Customers,0.0,0.1225,3.75,3.75
CUST00500,34,4,3749.66,3,3,3,333,At Risk Customers,0.0,0.2225,3.75,2.0
CUST00501,27,5,3852.58,3,3,3,333,At Risk Customers,0.0,0.19,3.8,4.2
CUST00502,10,4,2253.2200000000003,4,3,2,432,New Customers,0.0,0.4725,4.25,5.25
CUST00503,29,8,5763.58,3,4,4,344,Loyal Customers,0.125,0.27,3.5,5.25
CUST00504,11,3,3098.74,4,2,3,423,New Customers,0.0,0.19333333333333336,4.0,3.3333333333333335
CUST00505,4,2,1468.8,4,1,2,412,New Customers,0.0,0.26,3.0,3.5
CUST00506,15,10,9069.6,4,4,4,444,Champions,0.0,0.25,4.2,4.4
CUST00507,181,2,3345.6800000000003,1,1,3,113,At Risk Customers,0.0,0.36,4.5,3.5
CUST00508,38,2,1632.0,3,1,2,312,At Risk Customers,0.5,0.24,4.5,6.5
CUST00509,24,2,1206.64,3,1,1,311,At Risk Customers,0.0,0.355,4.0,5.0
CUST00510,223,4,3630.48,1,3,3,133,At Risk Customers,0.25,0.27249999999999996,4.25,3.75
CUST00511,4,7,4352.03,4,4,4,444,Champions,0.14285714285714285,0.2557142857142857,4.0,4.428571428571429
CUST00512,77,4,2468.63,2,3,2,232,At Risk Customers,0.0,0.2025,4.25,4.5
CUST00513,31,10,7681.32,3,4,4,344,Loyal Customers,0.0,0.22200000000000003,3.0,3.8
CUST00514,154,1,1687.55,2,1,2,212,At Risk Customers,0.0,0.2,5.0,3.0
CUST00515,29,4,2719.65,3,3,3,333,At Risk Customers,0.25,0.2225,4.75,4.75
CUST00516,88,1,623.59,2,1,1,211,At Risk Customers,0.0,0.19,4.0,7.0
CUST00517,12,7,4546.23,4,4,4,444,Champions,0.0,0.26571428571428574,3.7142857142857144,5.428571428571429
CUST00518,35,2,852.7099999999999,3,1,1,311,At Risk Customers,0.0,0.11499999999999999,4.5,4.0
CUST00519,26,2,823.83,3,1,1,311,At Risk Customers,0.0,0.255,3.0,4.5
CUST00520,27,8,5224.33,3,4,4,344,Loyal Customers,0.0,0.23125,4.625,3.75
CUST00521,55,8,3956.92,3,4,3,343,Loyal Customers,0.0,0.34125,3.75,5.125
CUST00522,523,1,1688.22,1,1,2,112,At Risk Customers,0.0,0.2,4.0,6.0
CUST00523,53,4,3188.02,3,3,3,333,At Risk Customers,0.0,0.4025,4.25,5.75
CUST00524,72,10,7161.96,2,4,4,244,Loyal Customers,0.1,0.282,4.0,4.1
CUST00525,281,4,1916.75,1,3,2,132,At Risk Customers,0.0,0.24,3.5,4.25
CUST00526,5,2,1519.72,4,1,2,412,New Customers,0.5,0.41000000000000003,4.0,6.5
CUST00527,34,8,6642.15,3,4,4,344,Loyal Customers,0.0,0.26375000000000004,3.75,3.375
CUST00528,43,2,1159.92,3,1,1,311,At Risk Customers,0.0,0.35,3.5,4.0
CUST00529,43,2,2291.65,3,1,2,312,At Risk Customers,0.0,0.22499999999999998,5.0,4.5
CUST00530,32,5,3597.6600000000003,3,3,3,333,At Risk Customers,0.0,0.23600000000000004,4.2,4.2
CUST00531,104,2,648.41,2,1,1,211,At Risk Customers,0.0,0.48,3.5,4.5
CUST00532,179,4,4895.42,2,3,4,234,High Value Customers,0.0,0.3675,4.0,5.25
CUST00533,12,3,2081.04,4,2,2,422,New Customers,0.0,0.3333333333333333,3.3333333333333335,3.0
CUST00534,135,5,3110.46,2,3,3,233,At Risk Customers,0.0,0.23200000000000004,3.8,4.2
CUST00535,199,5,5156.9,1,3,4,134,High Value Customers,0.0,0.32,4.4,3.4
CUST00536,6,5,4909.41,4,3,4,434,New Customers,0.0,0.21799999999999997,2.6,3.2
CUST00537,12,4,3404.59,4,3,3,433,New Customers,0.0,0.2025,2.5,4.25
CUST00538,8,9,7445.27,4,4,4,444,Champions,0.0,0.1311111111111111,3.5555555555555554,3.6666666666666665
CUST00539,48,9,8708.79,3,4,4,344,Loyal Customers,0.0,0.20222222222222222,4.333333333333333,4.777777777777778
CUST00540,35,8,5915.85,3,4,4,344,Loyal Customers,0.0,0.31125,3.75,5.25
CUST00541,30,7,5077.73,3,4,4,344,Loyal Customers,0.0,0.32285714285714284,3.857142857142857,4.714285714285714
CUST00542,9,4,2512.91,4,3,2,432,New Customers,0.0,0.23249999999999998,4.25,3.5
CUST00543,258,4,2320.55,1,3,2,132,At Risk Customers,0.0,0.26,3.5,3.5
CUST00544,146,2,2284.46,2,1,2,212,At Risk Customers,0.0,0.215,4.0,4.0
CUST00545,21,2,922.53,4,1,1,411,New Customers,0.0,0.35,3.5,4.5
CUST00546,20,4,3320.79,4,3,3,433,New Customers,0.0,0.285,3.75,3.75
CUST00547,60,2,1679.69,2,1,2,212,At Risk Customers,1.0,0.28,4.5,3.0
CUST00548,44,3,3100.27,3,2,3,323,At Risk Customers,0.0,0.2366666666666667,4.333333333333333,6.0
CUST00549,193,2,1035.57,1,1,1,111,At Risk Customers,0.0,0.35,3.5,5.0
CUST00550,4,3,2353.73,4,2,2,422,New Customers,0.0,0.25,4.666666666666667,4.666666666666667
CUST00551,32,4,2251.44,3,3,2,332,At Risk Customers,0.0,0.21999999999999997,3.0,4.5
CUST00552,34,3,2303.36,3,2,2,322,At Risk Customers,0.0,0.17333333333333334,4.5,4.0
CUST00553,354,4,3183.11,1,3,3,133,At Risk Customers,0.0,0.31,4.5,5.0
CUST00554,3,6,4226.39,4,3,3,433,New Customers,0.0,0.28833333333333333,4.166666666666667,5.333333333333333
CUST00555,19,6,4854.27,4,3,4,434,New Customers,0.0,0.19166666666666665,4.333333333333333,5.666666666666667
CUST00556,87,1,936.16,2,1,1,211,At Risk Customers,0.0,0.25,4.0,5.0
CUST00557,27,7,5364.05,3,4,4,344,Loyal Customers,0.0,0.20857142857142857,4.0,3.857142857142857
CUST00558,460,2,679.0699999999999,1,1,1,111,At Risk Customers,0.0,0.255,4.0,6.5
CUST00559,16,3,1821.47,4,2,2,422,New Customers,0.0,0.24666666666666667,3.6666666666666665,5.333333333333333
CUST00560,292,1,1135.13,1,1,1,111,At Risk Customers,0.0,0.35,3.0,5.0
CUST00561,15,3,2339.96,4,2,2,422,New Customers,0.0,0.21,3.0,7.0
CUST00562,320,2,899.8599999999999,1,1,1,111,At Risk Customers,0.5,0.4,5.0,4.0
CUST00563,166,2,887.86,2,1,1,211,At Risk Customers,0.0,0.305,4.5,3.0
CUST00564,191,8,4592.1900000000005,1,4,4,144,Loyal Customers,0.0,0.365,3.625,5.0
CUST00565,2,2,1089.79,4,1,1,411,New Customers,0.0,0.125,4.0,4.5
CUST00566,3,3,1894.99,4,2,2,422,New Customers,0.0,0.26333333333333336,5.0,4.0
CUST00567,35,10,6288.55,3,4,4,344,Loyal Customers,0.0,0.307,4.1,4.9
CUST00568,95,1,482.12,2,1,1,211,At Risk Customers,0.0,0.38,3.0,3.0
CUST00569,14,3,944.54,4,2,1,421,New Customers,0.0,0.39333333333333337,2.6666666666666665,6.0
CUST00570,229,3,2545.7200000000003,1,2,2,122,At Risk Customers,0.3333333333333333,0.24666666666666667,3.3333333333333335,6.0
CUST00571,22,3,1977.83,4,2,2,422,New Customers,0.3333333333333333,0.31,3.3333333333333335,4.333333333333333
CUST00572,112,6,3305.75,2,3,3,233,At Risk Customers,0.0,0.2816666666666667,3.8333333333333335,3.1666666666666665
CUST00573,186,5,2912.39,1,3,3,133,At Risk Customers,0.0,0.372,4.0,4.2
CUST00574,2,9,7029.03,4,4,4,444,Champions,0.1111111111111111,0.22777777777777775,4.333333333333333,4.444444444444445
CUST00575,144,1,548.72,2,1,1,211,At Risk Customers,0.0,0.3,5.0,8.0
CUST00576,107,2,799.27,2,1,1,211,At Risk Customers,0.0,0.33499999999999996,5.0,3.5
CUST00577,24,7,5138.93,3,4,4,344,Loyal Customers,0.0,0.21142857142857144,4.428571428571429,4.714285714285714
CUST00578,437,2,3054.7200000000003,1,1,3,113,At Risk Customers,0.0,0.095,5.0,4.5
CUST00579,71,1,301.68,2,1,1,211,At Risk Customers,0.0,0.39,4.0,7.0
CUST00580,28,2,1073.3,3,1,1,311,At Risk Customers,0.0,0.1,3.5,4.5
CUST00581,137,2,1527.79,2,1,2,212,At Risk Customers,0.0,0.185,2.0,5.5
CUST00582,347,1,392.06,1,1,1,111,At Risk Customers,0.0,0.42,4.0,8.0
CUST00583,324,4,3652.46,1,3,3,133,At Risk Customers,0.0,0.1325,4.75,5.5
CUST00584,144,1,591.05,2,1,1,211,At Risk Customers,0.0,0.3,5.0,6.0
CUST00585,32,9,5765.21,3,4,4,344,Loyal Customers,0.0,0.31555555555555553,3.5555555555555554,4.444444444444445
CUST00586,189,4,1853.61,1,3,2,132,At Risk Customers,0.0,0.27,4.25,4.75
CUST00587,6,2,811.8,4,1,1,411,New Customers,0.5,0.37,5.0,6.0
CUST00588,56,2,1020.69,3,1,1,311,At Risk Customers,0.0,0.13,4.0,5.5
CUST00589,132,5,4196.7699999999995,2,3,3,233,At Risk Customers,0.0,0.262,3.0,3.8
CUST00590,201,3,3961.05,1,2,3,123,At Risk Customers,0.0,0.24333333333333332,4.666666666666667,5.0
CUST00591,130,2,1767.15,2,1,2,212,At Risk Customers,0.0,0.36,5.0,2.0
CUST00592,81,2,1084.48,2,1,1,211,At Risk Customers,0.0,0.41500000000000004,4.0,6.5
CUST00593,15,6,4295.48,4,3,4,434,New Customers,0.0,0.27,4.166666666666667,4.333333333333333
CUST00594,152,1,448.78,2,1,1,211,At Risk Customers,0.0,0.5,4.0,7.0
CUST00595,52,6,3393.2200000000003,3,3,3,333,At Risk Customers,0.0,0.3183333333333333,3.8333333333333335,3.6666666666666665
CUST00596,111,4,2927.96,2,3,3,233,At Risk Customers,0.0,0.32499999999999996,4.75,5.0
CUST00597,113,4,3041.18,2,3,3,233,At Risk Customers,0.0,0.345,3.75,5.0
CUST00598,24,4,2429.15,3,3,2,332,At Risk Customers,0.0,0.2475,4.25,4.0
CUST00599,18,5,3511.4900000000002,4,3,3,433,New Customers,0.0,0.23399999999999999,3.8,5.2
CUST00600,324,3,1248.1399999999999,1,2,1,121,At Risk Customers,0.0,0.3066666666666667,4.333333333333333,4.666666666666667
CUST00601,131,1,537.85,2,1,1,211,At Risk Customers,0.0,0.04,4.0,3.0
CUST00602,152,1,171.18,2,1,1,211,At Risk Customers,0.0,0.57,5.0,6.0
CUST00603,9,10,5262.13,4,4,4,444,Champions,0.0,0.32599999999999996,4.5,4.4
CUST00604,12,3,1794.88,4,2,2,422,New Customers,0.3333333333333333,0.20000000000000004,4.666666666666667,4.666666666666667
CUST00605,221,5,3199.79,1,3,3,133,At Risk Customers,0.0,0.23399999999999999,4.2,4.4
CUST00606,181,1,240.15,1,1,1,111,At Risk Customers,0.0,0.24,3.0,2.0
CUST00607,310,3,2332.76,1,2,2,122,At Risk Customers,0.0,0.27666666666666667,4.333333333333333,3.3333333333333335
CUST00608,34,4,3561.7799999999997,3,3,3,333,At Risk Customers,0.0,0.3,4.0,3.75
CUST00609,18,6,5268.07,4,3,4,434,New Customers,0.0,0.4033333333333333,3.8333333333333335,4.5
CUST00610,39,6,4356.29,3,3,4,334,High Value Customers,0.3333333333333333,0.32166666666666666,3.5,6.0
CUST00611,296,4,3472.66,1,3,3,133,At Risk Customers,0.25,0.2575,3.75,6.0
CUST00612,109,2,2120.98,2,1,2,212,At Risk Customers,0.0,0.35,1.5,5.0
CUST00613,11,8,6032.84,4,4,4,444,Champions,0.125,0.35125,4.5,4.75
CUST00614,257,1,267.96,1,1,1,111,At Risk Customers,0.0,0.33,5.0,3.0
CUST00615,95,1,446.03,2,1,1,211,At Risk Customers,1.0,0.17,5.0,6.0
CUST00616,97,5,2628.3,2,3,3,233,At Risk Customers,0.0,0.27599999999999997,3.0,4.8
CUST00617,21,13,7918.74,4,4,4,444,Champions,0.07692307692307693,0.39076923076923076,4.538461538461538,5.230769230769231
CUST00618,42,3,2003.1,3,2,2,322,At Risk Customers,0.0,0.18666666666666668,4.666666666666667,4.666666666666667
CUST00619,1,6,2572.91,4,3,2,432,New Customers,0.0,0.31,4.166666666666667,4.666666666666667
CUST00620,43,2,1045.42,3,1,1,311,At Risk Customers,0.0,0.27,3.0,6.5
CUST00621,153,1,348.53,2,1,1,211,At Risk Customers,0.0,0.29,3.0,6.0
CUST00622,241,3,2009.7800000000002,1,2,2,122,At Risk Customers,0.0,0.30666666666666664,2.3333333333333335,3.0
CUST00623,60,5,3290.23,2,3,3,233,At Risk Customers,0.2,0.288,4.6,3.4
CUST00624,293,1,270.09,1,1,1,111,At Risk Customers,0.0,0.51,,6.0
CUST00625,127,4,2155.58,2,3,2,232,At Risk Customers,0.0,0.3275,4.25,4.5
CUST00626,58,3,2283.05,2,2,2,222,At Risk Customers,0.0,0.18333333333333335,4.5,6.333333333333333
CUST00627,136,3,2765.27,2,2,3,223,At Risk Customers,0.0,0.3566666666666667,3.6666666666666665,4.333333333333333
CUST00628,36,6,3681.37,3,3,3,333,At Risk Customers,0.0,0.37833333333333335,4.666666666666667,3.6666666666666665
CUST00629,24,2,1364.28,3,1,1,311,At Risk Customers,0.0,0.43,3.5,2.5
CUST00630,54,4,3090.95,3,3,3,333,At Risk Customers,0.0,0.2575,4.0,4.25
CUST00631,129,10,6076.9,2,4,4,244,Loyal Customers,0.1,0.388,3.9,4.9
CUST00632,122,1,1078.63,2,1,1,211,At Risk Customers,0.0,0.45,4.0,3.0
CUST00633,36,2,2549.94,3,1,2,312,At Risk Customers,0.0,0.245,3.0,5.0
CUST00634,179,4,1711.76,2,3,2,232,At Risk Customers,0.25,0.22000000000000003,4.75,5.75
CUST00635,195,1,1016.46,1,1,1,111,At Risk Customers,0.0,0.35,5.0,4.0
CUST00636,9,3,3886.17,4,2,3,423,New Customers,0.0,0.18666666666666668,3.3333333333333335,3.0
CUST00637,27,7,6428.4,3,4,4,344,Loyal Customers,0.0,0.3157142857142857,4.142857142857143,4.142857142857143
CUST00638,234,6,3093.33,1,4,3,143,Loyal Customers,0.0,0.3466666666666667,3.5,3.8333333333333335
CUST00639,430,3,2753.19,1,2,3,123,At Risk Customers,0.0,0.17333333333333334,4.333333333333333,4.0
CUST00640,191,1,641.86,1,1,1,111,At Risk Customers,0.0,0.28,3.0,5.0
CUST00641,52,7,6023.219999999999,3,4,4,344,Loyal Customers,0.0,0.3057142857142857,4.142857142857143,5.0
CUST00642,39,4,3164.42,3,3,3,333,At Risk Customers,0.25,0.365,4.75,3.25
CUST00643,216,1,1091.34,1,1,1,111,At Risk Customers,0.0,0.26,1.0,4.0
CUST00644,139,7,3822.27,2,4,3,243,Loyal Customers,0.0,0.37285714285714283,4.285714285714286,5.285714285714286
CUST00645,313,3,2730.59,1,2,3,123,At Risk Customers,0.0,0.44333333333333336,4.0,5.333333333333333
CUST00646,51,7,6203.32,3,4,4,344,Loyal Customers,0.14285714285714285,0.17142857142857146,3.857142857142857,4.0
CUST00647,125,1,507.52,2,1,1,211,At Risk Customers,0.0,0.13,2.0,3.0
CUST00648,1,4,2724.16,4,3,3,433,New Customers,0.25,0.2525,4.5,3.5
CUST00649,185,6,3181.62,1,4,3,143,Loyal Customers,0.16666666666666666,0.28,3.8,5.0
CUST00650,120,3,2622.0099999999998,2,2,3,223,At Risk Customers,0.0,0.36333333333333334,2.6666666666666665,6.0
CUST00651,56,8,5404.83,3,4,4,344,Loyal Customers,0.0,0.37875000000000003,3.5,4.625
CUST00652,21,5,5030.61,4,3,4,434,New Customers,0.0,0.32599999999999996,4.8,5.0
CUST00653,8,5,4120.93,4,3,3,433,New Customers,0.0,0.166,4.6,4.2
CUST00654,14,8,7323.56,4,4,4,444,Champions,0.25,0.1375,3.5,5.875
CUST00655,5,11,6803.96,4,4,4,444,Champions,0.0,0.2727272727272727,3.909090909090909,3.4545454545454546
CUST00656,37,5,4088.21,3,3,3,333,At Risk Customers,0.0,0.252,2.8,2.6
CUST00657,124,4,1287.49,2,3,1,231,At Risk Customers,0.25,0.325,3.0,5.5
CUST00658,280,2,2355.97,1,1,2,112,At Risk Customers,0.0,0.27,3.0,4.5
CUST00659,22,3,1580.63,4,2,2,422,New Customers,0.0,0.35000000000000003,4.333333333333333,3.6666666666666665
CUST00660,16,2,1265.6799999999998,4,1,1,411,New Customers,0.0,0.175,3.5,3.5
CUST00661,241,3,1105.96,1,2,1,121,At Risk Customers,0.0,0.3833333333333333,4.666666666666667,5.666666666666667
CUST00662,185,1,852.96,1,1,1,111,At Risk Customers,0.0,0.27,4.0,7.0
CUST00663,125,8,5700.78,2,4,4,244,Loyal Customers,0.125,0.3375,3.875,4.625
CUST00664,19,2,883.48,4,1,1,411,New Customers,0.0,0.31000000000000005,4.5,7.0
CUST00665,36,10,7120.71,3,4,4,344,Loyal Customers,0.1,0.186,4.1,5.4
CUST00666,47,2,1618.57,3,1,2,312,At Risk Customers,0.0,0.29500000000000004,4.0,5.5
CUST00667,13,6,6032.9400000000005,4,4,4,444,Champions,0.16666666666666666,0.26,4.5,4.0
CUST00668,103,2,952.4100000000001,2,1,1,211,At Risk Customers,0.0,0.16,4.5,4.5
CUST00669,27,4,3395.9199999999996,3,3,3,333,At Risk Customers,0.0,0.225,3.5,4.25
CUST00670,303,4,3756.69,1,3,3,133,At Risk Customers,0.0,0.345,3.75,3.75
CUST00671,23,9,6239.3,4,4,4,444,Champions,0.0,0.33222222222222225,4.0,3.6666666666666665
CUST00672,202,1,434.37,1,1,1,111,At Risk Customers,0.0,0.47,4.0,2.0
CUST00673,179,1,1297.2,2,1,1,211,At Risk Customers,0.0,0.36,2.0,6.0
CUST00674,117,8,4178.67,2,4,3,243,Loyal Customers,0.0,0.28875,4.0,4.5
CUST00675,3,7,7603.18,4,4,4,444,Champions,0.0,0.26285714285714284,4.428571428571429,4.142857142857143
CUST00676,28,3,1606.63,3,2,2,322,At Risk Customers,0.0,0.29333333333333333,3.0,5.666666666666667
CUST00677,10,4,2691.15,4,3,3,433,New Customers,0.25,0.3275,3.0,2.75
CUST00678,257,2,1145.87,1,1,1,111,At Risk Customers,0.0,0.295,2.5,3.5
CUST00679,42,9,6746.18,3,4,4,344,Loyal Customers,0.0,0.31777777777777777,3.888888888888889,3.888888888888889
CUST00680,276,1,1087.83,1,1,1,111,At Risk Customers,0.0,0.29,5.0,2.0
CUST00681,272,1,1372.4,1,1,2,112,At Risk Customers,1.0,0.41,3.0,6.0
CUST00682,44,2,1874.3400000000001,3,1,2,312,At Risk Customers,0.0,0.175,4.0,5.0
CUST00683,56,4,5494.98,3,3,4,334,High Value Customers,0.0,0.27,3.75,4.5
CUST00684,201,4,2472.73,1,3,2,132,At Risk Customers,0.0,0.23750000000000002,4.0,3.5
CUST00685,3,2,1840.04,4,1,2,412,New Customers,0.0,0.295,3.0,2.5
CUST00686,188,3,1409.0900000000001,1,2,2,122,At Risk Customers,0.0,0.2866666666666667,4.333333333333333,5.333333333333333
CUST00687,178,5,4129.24,2,3,3,233,At Risk Customers,0.0,0.23600000000000004,4.0,3.8
CUST00688,1,7,5107.13,4,4,4,444,Champions,0.14285714285714285,0.28285714285714286,3.2857142857142856,5.714285714285714
CUST00689,10,5,4970.84,4,3,4,434,New Customers,0.0,0.12000000000000002,3.8,4.0
CUST00690,3,8,8522.94,4,4,4,444,Champions,0.0,0.27,4.0,3.625
CUST00691,4,4,3542.44,4,3,3,433,New Customers,0.0,0.3875,3.0,3.5
CUST00692,119,3,1850.73,2,2,2,222,At Risk Customers,0.0,0.37333333333333335,3.6666666666666665,4.0
CUST00693,208,5,6136.5,1,3,4,134,High Value Customers,0.0,0.18,4.2,4.4
CUST00694,135,1,345.14,2,1,1,211,At Risk Customers,0.0,0.23,3.0,3.0
CUST00695,259,1,616.85,1,1,1,111,At Risk Customers,0.0,0.41,4.0,5.0
CUST00696,50,7,6460.69,3,4,4,344,Loyal Customers,0.0,0.2871428571428572,4.0,3.4285714285714284
CUST00697,45,5,4965.610000000001,3,3,4,334,High Value Customers,0.2,0.26,4.0,4.8
CUST00698,12,10,7429.34,4,4,4,444,Champions,0.3,0.223,3.9,5.5
CUST00699,10,5,2461.35,4,3,2,432,New Customers,0.0,0.382,4.0,4.4
CUST00700,55,5,3912.53,3,3,3,333,At Risk Customers,0.0,0.196,3.6,3.4
CUST00701,183,5,6476.26,1,3,4,134,High Value Customers,0.0,0.162,4.4,3.6
CUST00702,138,6,8044.75,2,4,4,244,Loyal Customers,0.16666666666666666,0.21333333333333335,4.5,4.166666666666667
CUST00703,165,1,360.06,2,1,1,211,At Risk Customers,0.0,0.31,3.0,4.0
CUST00704,83,4,3057.83,2,3,3,233,At Risk Customers,0.0,0.3275,3.75,3.75
CUST00705,73,1,872.61,2,1,1,211,At Risk Customers,1.0,0.0,5.0,8.0
CUST00706,3,4,3502.83,4,3,3,433,New Customers,0.0,0.245,3.25,5.25
CUST00707,17,5,3300.72,4,3,3,433,New Customers,0.2,0.242,3.6,5.0
CUST00708,37,8,6518.05,3,4,4,344,Loyal Customers,0.0,0.28875,4.0,5.0
CUST00709,190,1,1966.47,1,1,2,112,At Risk Customers,0.0,0.13,3.0,4.0
CUST00710,38,9,6176.62,3,4,4,344,Loyal Customers,0.0,0.29333333333333333,4.111111111111111,6.222222222222222
CUST00711,56,9,5936.34,3,4,4,344,Loyal Customers,0.1111111111111111,0.39666666666666667,4.444444444444445,5.666666666666667
CUST00712,16,6,2661.77,4,4,3,443,New Customers,0.0,0.26166666666666666,4.0,3.6666666666666665
CUST00713,57,10,9663.26,2,4,4,244,Loyal Customers,0.1,0.284,3.6,4.0
CUST00714,38,7,3312.77,3,4,3,343,Loyal Customers,0.14285714285714285,0.38,4.0,4.142857142857143
CUST00715,40,4,1416.25,3,3,2,332,At Risk Customers,0.0,0.4775,3.75,3.0
CUST00716,11,8,5285.9800000000005,4,4,4,444,Champions,0.0,0.37375,4.625,4.0
CUST00717,47,2,1150.47,3,1,1,311,At Risk Customers,0.0,0.385,3.5,3.5
CUST00718,178,2,697.62,2,1,1,211,At Risk Customers,0.0,0.325,4.0,4.0
CUST00719,18,6,3929.59,4,4,3,443,New Customers,0.16666666666666666,0.29333333333333333,4.0,4.166666666666667
CUST00720,352,5,3086.61,1,3,3,133,At Risk Customers,0.2,0.406,3.6,3.8
CUST00721,4,3,3509.03,4,2,3,423,New Customers,0.0,0.12666666666666668,2.3333333333333335,5.0
CUST00722,91,1,256.54,2,1,1,211,At Risk Customers,1.0,0.6,4.0,3.0
CUST00723,130,1,546.81,2,1,1,211,At Risk Customers,0.0,0.1,3.0,3.0
CUST00724,17,3,1850.54,4,2,2,422,New Customers,0.0,0.15,4.666666666666667,3.6666666666666665
CUST00725,202,3,2162.5,1,2,2,122,At Risk Customers,0.0,0.37333333333333335,3.0,4.333333333333333
CUST00726,7,11,8607.95,4,4,4,444,Champions,0.09090909090909091,0.3227272727272727,4.0,5.7272727272727275
CUST00727,69,5,3822.01,2,3,3,233,At Risk Customers,0.2,0.32,3.6,4.4
CUST00728,127,1,396.38,2,1,1,211,At Risk Customers,1.0,0.22,5.0,3.0
CUST00729,201,1,1324.83,1,1,1,111,At Risk Customers,0.0,0.38,3.0,2.0
CUST00730,13,3,2210.89,4,2,2,422,New Customers,0.0,0.2733333333333333,2.0,4.333333333333333
CUST00731,197,2,1457.58,1,1,2,112,At Risk Customers,0.0,0.38,4.5,4.5
CUST00732,2,2,874.98,4,1,1,411,New Customers,0.0,0.245,4.5,6.0
CUST00733,13,5,3335.1400000000003,4,3,3,433,New Customers,0.0,0.20800000000000002,3.8,4.6
CUST00734,7,8,7745.88,4,4,4,444,Champions,0.125,0.30625,4.0,4.875
CUST00735,17,6,3033.34,4,4,3,443,New Customers,0.0,0.48833333333333334,4.0,3.3333333333333335
CUST00736,127,3,1727.68,2,2,2,222,At Risk Customers,0.0,0.35333333333333333,4.333333333333333,4.666666666666667
CUST00737,10,2,1532.3600000000001,4,1,2,412,New Customers,0.0,0.27,4.0,5.5
CUST00738,139,1,545.24,2,1,1,211,At Risk Customers,1.0,0.18,5.0,5.0
CUST00739,15,2,1791.41,4,1,2,412,New Customers,0.0,0.17,3.0,4.5
CUST00740,322,5,4065.24,1,3,3,133,At Risk Customers,0.2,0.37,4.4,5.0
CUST00741,7,4,2160.6800000000003,4,3,2,432,New Customers,0.0,0.2475,4.25,3.5
CUST00742,110,2,1288.91,2,1,1,211,At Risk Customers,0.0,0.365,4.0,4.5
CUST00743,1,6,4040.7300000000005,4,4,3,443,New Customers,0.16666666666666666,0.25,4.333333333333333,3.3333333333333335
CUST00744,126,2,1108.58,2,1,1,211,At Risk Customers,0.0,0.14,4.0,4.0
CUST00745,1,3,2562.92,4,2,2,422,New Customers,0.0,0.3066666666666667,4.333333333333333,4.0
CUST00746,238,2,1625.12,1,1,2,112,At Risk Customers,0.0,0.46,3.0,2.5
CUST00747,6,3,2136.34,4,2,2,422,New Customers,0.0,0.2833333333333333,3.0,4.0
CUST00748,50,8,5195.88,3,4,4,344,Loyal Customers,0.0,0.20500000000000002,3.75,3.625
CUST00749,39,3,2194.94,3,2,2,322,At Risk Customers,0.0,0.43333333333333335,4.333333333333333,4.333333333333333
CUST00750,18,5,4398.99,4,3,4,434,New Customers,0.0,0.34199999999999997,3.8,6.2
CUST00751,21,3,2524.67,4,2,2,422,New Customers,0.0,0.21666666666666667,4.333333333333333,4.666666666666667
CUST00752,158,2,1319.5500000000002,2,1,1,211,At Risk Customers,0.0,0.23500000000000001,4.0,4.5
CUST00753,204,1,1093.17,1,1,1,111,At Risk Customers,0.0,0.16,2.0,7.0
CUST00754,34,5,5744.99,3,3,4,334,High Value Customers,0.0,0.158,3.0,5.6
CUST00755,261,2,1585.3600000000001,1,1,2,112,At Risk Customers,0.5,0.27999999999999997,3.0,5.5
CUST00756,174,3,3223.87,2,2,3,223,At Risk Customers,0.0,0.19666666666666668,5.0,5.0
CUST00757,17,6,3257.69,4,4,3,443,New Customers,0.0,0.325,2.8333333333333335,4.5
CUST00758,21,12,8199.88,4,4,4,444,Champions,0.0,0.25,3.9166666666666665,4.083333333333333
CUST00759,99,2,1562.24,2,1,2,212,At Risk Customers,0.0,0.26,4.5,4.0
CUST00760,223,2,1132.19,1,1,1,111,At Risk Customers,0.5,0.28,4.5,5.0
CUST00761,254,2,1069.58,1,1,1,111,At Risk Customers,0.0,0.145,4.0,5.0
CUST00762,9,3,3513.6699999999996,4,2,3,423,New Customers,0.3333333333333333,0.2966666666666667,4.333333333333333,4.666666666666667
CUST00763,249,4,4210.57,1,3,3,133,At Risk Customers,0.0,0.2375,4.5,4.5
CUST00764,6,7,5460.74,4,4,4,444,Champions,0.0,0.2342857142857143,3.857142857142857,5.0
CUST00765,159,3,2692.35,2,2,3,223,At Risk Customers,0.0,0.34,2.6666666666666665,4.333333333333333
CUST00766,227,2,1783.35,1,1,2,112,At Risk Customers,0.0,0.305,4.5,7.0
CUST00767,136,7,3498.46,2,4,3,243,Loyal Customers,0.0,0.3314285714285714,4.428571428571429,6.0
CUST00768,28,5,4145.38,3,3,3,333,At Risk Customers,0.0,0.194,3.75,4.6
CUST00769,79,6,2815.44,2,4,3,243,Loyal Customers,0.0,0.29333333333333333,4.333333333333333,4.833333333333333
CUST00770,28,6,4420.31,3,4,4,344,Loyal Customers,0.0,0.20333333333333334,4.333333333333333,6.0
CUST00771,151,1,456.76,2,1,1,211,At Risk Customers,0.0,0.41,5.0,2.0
CUST00772,251,3,3114.63,1,2,3,123,At Risk Customers,0.0,0.2833333333333333,4.0,4.0
CUST00773,132,3,2278.26,2,2,2,222,At Risk Customers,0.0,0.25666666666666665,2.6666666666666665,5.0
CUST00774,162,3,1439.8,2,2,2,222,At Risk Customers,0.0,0.10666666666666667,4.333333333333333,6.0
CUST00775,11,3,2261.05,4,2,2,422,New Customers,0.0,0.27999999999999997,4.333333333333333,3.3333333333333335
CUST00776,196,4,3024.9399999999996,1,3,3,133,At Risk Customers,0.0,0.245,4.75,4.75
CUST00777,16,2,2052.7,4,1,2,412,New Customers,0.0,0.225,2.5,6.0
CUST00778,392,4,3444.29,1,3,3,133,At Risk Customers,0.0,0.155,3.75,5.5
CUST00779,10,2,1509.0500000000002,4,1,2,412,New Customers,0.0,0.245,5.0,3.0
CUST00780,46,6,4641.68,3,4,4,344,Loyal Customers,0.16666666666666666,0.25166666666666665,3.8333333333333335,5.166666666666667
CUST00781,46,2,735.97,3,1,1,311,At Risk Customers,0.0,0.385,4.5,5.5
CUST00782,255,1,505.28,1,1,1,111,At Risk Customers,0.0,0.31,4.0,3.0
CUST00783,293,6,4123.36,1,4,3,143,Loyal Customers,0.0,0.37333333333333335,3.5,4.333333333333333
CUST00784,106,5,3103.73,2,3,3,233,At Risk Customers,0.0,0.248,3.2,3.0
CUST00785,9,9,6686.259999999999,4,4,4,444,Champions,0.0,0.29666666666666663,4.666666666666667,5.222222222222222
CUST00786,211,5,5359.3,1,3,4,134,High Value Customers,0.2,0.11400000000000002,3.8,3.6
CUST00787,44,8,6425.65,3,4,4,344,Loyal Customers,0.0,0.25125,4.125,5.5
CUST00788,12,4,2375.38,4,3,2,432,New Customers,0.0,0.34750000000000003,3.75,4.25
CUST00789,22,4,2430.0,4,3,2,432,New Customers,0.0,0.27,4.0,5.25
CUST00790,139,1,458.83,2,1,1,211,At Risk Customers,0.0,0.19,2.0,5.0
CUST00791,291,1,1187.93,1,1,1,111,At Risk Customers,0.0,0.38,5.0,8.0
CUST00792,209,6,2976.79,1,4,3,143,Loyal Customers,0.0,0.4583333333333333,4.0,4.0
CUST00793,174,3,2463.2,2,2,2,222,At Risk Customers,0.0,0.39666666666666667,5.0,4.333333333333333
CUST00794,232,5,2824.37,1,3,3,133,At Risk Customers,0.0,0.198,4.0,4.0
CUST00795,199,4,3787.58,1,3,3,133,At Risk Customers,0.0,0.2,3.75,5.0
CUST00796,212,3,5388.48,1,2,4,124,High Value Customers,0.0,0.22333333333333336,4.666666666666667,6.0
CUST00797,46,6,4173.97,3,4,3,343,Loyal Customers,0.0,0.29333333333333333,4.0,5.666666666666667
CUST00798,55,11,7027.3,3,4,4,344,Loyal Customers,0.0,0.2609090909090909,4.4,4.909090909090909
CUST00799,117,6,3798.88,2,4,3,243,Loyal Customers,0.0,0.2816666666666667,4.166666666666667,5.333333333333333
CUST00800,55,11,11321.24,3,4,4,344,Loyal Customers,0.18181818181818182,0.17545454545454547,3.0,3.909090909090909
CUST00801,137,3,3345.79,2,2,3,223,At Risk Customers,0.0,0.26,3.3333333333333335,3.3333333333333335
CUST00802,262,1,1787.0,1,1,2,112,At Risk Customers,0.0,0.28,5.0,5.0
CUST00803,15,9,6758.16,4,4,4,444,Champions,0.1111111111111111,0.26333333333333336,3.888888888888889,4.666666666666667
CUST00804,32,3,4024.96,3,2,3,323,At Risk Customers,0.0,0.24333333333333332,3.6666666666666665,6.0
CUST00805,13,2,1767.23,4,1,2,412,New Customers,0.0,0.19999999999999998,4.0,3.5
CUST00806,12,4,2638.59,4,3,3,433,New Customers,0.0,0.27,3.6666666666666665,3.75
CUST00807,173,2,1827.0300000000002,2,1,2,212,At Risk Customers,0.0,0.19,5.0,3.0
CUST00808,18,8,4724.89,4,4,4,444,Champions,0.125,0.33,3.0,3.625
CUST00809,52,4,2499.37,3,3,2,332,At Risk Customers,0.25,0.3075,3.75,5.0
CUST00810,55,2,1187.01,3,1,1,311,At Risk Customers,0.0,0.345,4.0,4.0
CUST00811,245,6,3477.9399999999996,1,4,3,143,Loyal Customers,0.0,0.3983333333333334,4.0,5.0
CUST00812,250,1,383.16,1,1,1,111,At Risk Customers,0.0,0.25,5.0,3.0
CUST00813,38,10,10122.32,3,4,4,344,Loyal Customers,0.0,0.197,4.4,6.0
CUST00814,51,4,4209.28,3,3,3,333,At Risk Customers,0.25,0.2925,3.25,4.25
CUST00815,7,6,8248.23,4,4,4,444,Champions,0.16666666666666666,0.19166666666666665,3.8333333333333335,6.833333333333333
CUST00816,10,4,4139.43,4,3,3,433,New Customers,0.0,0.2625,4.75,4.0
CUST00817,43,15,12291.02,3,4,4,344,Loyal Customers,0.0,0.3093333333333333,3.6153846153846154,4.0
CUST00818,208,1,988.84,1,1,1,111,At Risk Customers,0.0,0.12,4.0,6.0
CUST00819,4,5,2464.45,4,3,2,432,New Customers,0.0,0.2,3.6,4.2
CUST00820,250,2,935.6700000000001,1,1,1,111,At Risk Customers,0.0,0.44,4.5,4.5
CUST00821,37,4,1560.22,3,3,2,332,At Risk Customers,0.25,0.33499999999999996,4.5,4.5
CUST00822,47,7,5444.48,3,4,4,344,Loyal Customers,0.0,0.32,4.571428571428571,3.5714285714285716
CUST00823,207,8,3291.63,1,4,3,143,Loyal Customers,0.25,0.24625,4.0,4.75
CUST00824,27,5,3095.46,3,3,3,333,At Risk Customers,0.0,0.16199999999999998,3.2,3.2
CUST00825,158,1,410.77,2,1,1,211,At Risk Customers,0.0,0.25,5.0,4.0
CUST00826,219,10,8171.4,1,4,4,144,Loyal Customers,0.0,0.332,3.4,3.9
CUST00827,21,2,2194.51,4,1,2,412,New Customers,0.0,0.16999999999999998,4.0,4.0
CUST00828,151,1,355.91,2,1,1,211,At Risk Customers,0.0,0.39,3.0,5.0
CUST00829,14,11,6982.35,4,4,4,444,Champions,0.0,0.30818181818181817,4.363636363636363,4.181818181818182
CUST00830,15,4,1997.9499999999998,4,3,2,432,New Customers,0.0,0.3875,3.75,4.75
CUST00831,7,4,2386.85,4,3,2,432,New Customers,0.0,0.3025,4.5,6.5
CUST00832,46,2,1058.1299999999999,3,1,1,311,At Risk Customers,0.0,0.20500000000000002,5.0,4.5
CUST00833,128,1,1142.84,2,1,1,211,At Risk Customers,0.0,0.49,5.0,5.0
CUST00834,15,5,2537.02,4,3,2,432,New Customers,0.2,0.45,3.4,4.2
CUST00835,218,9,6888.030000000001,1,4,4,144,Loyal Customers,0.1111111111111111,0.27555555555555555,3.888888888888889,4.111111111111111
CUST00836,26,4,2317.06,3,3,2,332,At Risk Customers,0.0,0.295,4.0,5.75
CUST00837,6,5,3553.5,4,3,3,433,New Customers,0.0,0.362,4.2,4.4
CUST00838,70,6,4291.93,2,4,4,244,Loyal Customers,0.0,0.2866666666666667,4.333333333333333,5.5
CUST00839,223,3,1996.99,1,2,2,122,At Risk Customers,0.0,0.15333333333333332,2.6666666666666665,3.6666666666666665
CUST00840,11,12,10612.47,4,4,4,444,Champions,0.0,0.24749999999999997,3.8181818181818183,6.416666666666667
CUST00841,9,9,7419.17,4,4,4,444,Champions,0.1111111111111111,0.17777777777777778,4.555555555555555,4.666666666666667
CUST00842,25,7,7745.47,3,4,4,344,Loyal Customers,0.0,0.2657142857142857,3.857142857142857,4.285714285714286
CUST00843,106,1,803.69,2,1,1,211,At Risk Customers,1.0,0.4,4.0,2.0
CUST00844,41,2,755.87,3,1,1,311,At Risk Customers,0.5,0.29500000000000004,5.0,5.5
CUST00845,157,4,2758.2200000000003,2,3,3,233,At Risk Customers,0.0,0.31,3.25,5.0
CUST00846,40,11,8410.48,3,4,4,344,Loyal Customers,0.09090909090909091,0.1809090909090909,4.2727272727272725,5.0
CUST00847,25,8,8043.27,3,4,4,344,Loyal Customers,0.125,0.33375,3.875,3.875
CUST00848,20,5,2968.0699999999997,4,3,3,433,New Customers,0.0,0.186,4.0,3.0
CUST00849,4,8,4626.5,4,4,4,444,Champions,0.0,0.29125,4.25,3.375
CUST00850,68,2,2278.0299999999997,2,1,2,212,At Risk Customers,0.5,0.355,2.5,5.0
CUST00851,31,4,2428.66,3,3,2,332,At Risk Customers,0.25,0.21250000000000002,3.5,4.75
CUST00852,32,5,2167.86,3,3,2,332,At Risk Customers,0.0,0.30999999999999994,4.5,4.8
CUST00853,122,1,318.94,2,1,1,211,At Risk Customers,0.0,0.47,5.0,3.0
CUST00854,340,3,2249.63,1,2,2,122,At Risk Customers,0.0,0.2733333333333334,4.333333333333333,3.6666666666666665
CUST00855,353,1,613.47,1,1,1,111,At Risk Customers,0.0,0.43,5.0,3.0
CUST00856,22,2,2859.3100000000004,4,1,3,413,New Customers,0.0,0.14,5.0,2.0
CUST00857,5,8,8240.81,4,4,4,444,Champions,0.125,0.255,4.0,5.75
CUST00858,151,3,2363.5299999999997,2,2,2,222,At Risk Customers,0.0,0.21333333333333335,4.0,3.6666666666666665
CUST00859,230,4,2159.64,1,3,2,132,At Risk Customers,0.0,0.3075,4.25,4.25
CUST00860,10,4,4975.85,4,3,4,434,New Customers,0.0,0.2925,3.75,4.5
CUST00861,231,3,1530.88,1,2,2,122,At Risk Customers,0.0,0.31666666666666665,4.0,5.666666666666667
CUST00862,514,4,3934.7400000000002,1,3,3,133,At Risk Customers,0.0,0.235,5.0,4.0
CUST00863,2,5,3905.8599999999997,4,3,3,433,New Customers,0.0,0.21000000000000002,4.0,5.4
CUST00864,199,2,1042.98,1,1,1,111,At Risk Customers,0.0,0.265,4.0,2.5
CUST00865,6,4,2649.15,4,3,3,433,New Customers,0.0,0.32,4.5,5.75
CUST00866,87,1,1280.71,2,1,1,211,At Risk Customers,0.0,0.06,5.0,7.0
CUST00867,76,1,424.64,2,1,1,211,At Risk Customers,0.0,0.55,5.0,3.0
CUST00868,13,2,2446.06,4,1,2,412,New Customers,0.0,0.26,4.0,4.5
CUST00869,154,7,4021.25,2,4,3,243,Loyal Customers,0.14285714285714285,0.32857142857142857,3.5714285714285716,3.7142857142857144
CUST00870,48,8,6011.93,3,4,4,344,Loyal Customers,0.0,0.2775,3.375,3.75
CUST00871,183,8,7332.96,1,4,4,144,Loyal Customers,0.0,0.20625,3.75,4.0
CUST00872,186,3,1959.48,1,2,2,122,At Risk Customers,0.0,0.26666666666666666,4.333333333333333,5.666666666666667
CUST00873,50,6,6473.18,3,4,4,344,Loyal Customers,0.0,0.16166666666666665,3.6666666666666665,5.5
CUST00874,82,1,511.56,2,1,1,211,At Risk Customers,0.0,0.24,4.0,1.0
CUST00875,2,5,2503.32,4,3,2,432,New Customers,0.0,0.274,4.0,4.4
CUST00876,97,3,1392.13,2,2,2,222,At Risk Customers,0.0,0.4166666666666667,4.333333333333333,4.333333333333333
CUST00877,124,3,1904.33,2,2,2,222,At Risk Customers,0.0,0.18333333333333335,2.6666666666666665,3.3333333333333335
CUST00878,24,4,3527.67,3,3,3,333,At Risk Customers,0.0,0.2425,2.5,4.75
CUST00879,216,6,5967.77,1,4,4,144,Loyal Customers,0.0,0.20833333333333334,4.0,5.0
CUST00880,41,6,4867.9,3,4,4,344,Loyal Customers,0.16666666666666666,0.18499999999999997,3.5,4.666666666666667
CUST00881,28,9,9947.49,3,4,4,344,Loyal Customers,0.0,0.21666666666666667,4.0,4.777777777777778
CUST00882,146,2,894.79,2,1,1,211,At Risk Customers,0.0,0.225,4.5,6.0
CUST00883,41,4,7320.71,3,3,4,334,High Value Customers,0.0,0.0775,3.75,4.25
CUST00884,332,1,365.93,1,1,1,111,At Risk Customers,0.0,0.26,5.0,1.0
CUST00885,92,8,6880.8099999999995,2,4,4,244,Loyal Customers,0.125,0.21625,3.75,4.125
CUST00886,43,7,4255.63,3,4,4,344,Loyal Customers,0.14285714285714285,0.3057142857142857,3.7142857142857144,5.571428571428571
CUST00887,44,4,2990.4700000000003,3,3,3,333,At Risk Customers,0.0,0.28500000000000003,4.0,5.5
CUST00888,169,3,2556.74,2,2,2,222,At Risk Customers,0.0,0.3666666666666667,2.6666666666666665,2.6666666666666665
CUST00889,105,3,2012.98,2,2,2,222,At Risk Customers,0.3333333333333333,0.3866666666666667,4.333333333333333,4.0
CUST00890,56,2,1836.2600000000002,3,1,2,312,At Risk Customers,0.0,0.12,4.0,4.5
CUST00891,17,4,4809.09,4,3,4,434,New Customers,0.0,0.29000000000000004,4.0,4.25
CUST00892,34,2,1512.83,3,1,2,312,At Risk Customers,0.0,0.385,4.5,4.5
CUST00893,160,2,2269.27,2,1,2,212,At Risk Customers,0.0,0.34,4.0,5.0
CUST00894,86,2,1903.85,2,1,2,212,At Risk Customers,0.0,0.31,4.5,8.5
CUST00895,115,4,1415.7,2,3,2,232,At Risk Customers,0.0,0.3725,3.75,5.5
CUST00896,49,12,10648.24,3,4,4,344,Loyal Customers,0.08333333333333333,0.22666666666666668,4.083333333333333,3.75
CUST00897,4,4,2200.73,4,3,2,432,New Customers,0.25,0.1925,3.25,5.75
CUST00898,400,6,4353.639999999999,1,4,4,144,Loyal Customers,0.16666666666666666,0.305,4.333333333333333,3.6666666666666665
CUST00899,248,1,574.65,1,1,1,111,At Risk Customers,1.0,0.18,5.0,5.0
CUST00900,119,2,1242.65,2,1,1,211,At Risk Customers,0.0,0.25,5.0,6.5
CUST00901,25,5,2464.39,3,3,2,332,At Risk Customers,0.0,0.24,3.2,5.0
CUST00902,31,2,2750.7200000000003,3,1,3,313,At Risk Customers,0.0,0.28500000000000003,5.0,4.5
CUST00903,103,1,632.18,2,1,1,211,At Risk Customers,0.0,0.34,5.0,4.0
CUST00904,26,9,6237.5,3,4,4,344,Loyal Customers,0.4444444444444444,0.2577777777777778,3.4444444444444446,5.666666666666667
CUST00905,15,6,5968.610000000001,4,4,4,444,Champions,0.0,0.27666666666666667,3.5,5.166666666666667
CUST00906,99,2,1449.41,2,1,2,212,At Risk Customers,0.0,0.395,3.5,4.5
CUST00907,281,3,2874.51,1,2,3,123,At Risk Customers,0.0,0.37333333333333335,4.0,4.333333333333333
CUST00908,13,3,3367.2,4,2,3,423,New Customers,0.0,0.26333333333333336,4.0,5.0
CUST00909,246,1,615.14,1,1,1,111,At Risk Customers,1.0,0.49,4.0,5.0
CUST00910,188,1,1239.32,1,1,1,111,At Risk Customers,0.0,0.39,4.0,4.0
CUST00911,10,12,6468.68,4,4,4,444,Champions,0.08333333333333333,0.28583333333333333,4.083333333333333,4.0
CUST00912,199,2,1516.54,1,1,2,112,At Risk Customers,0.0,0.315,5.0,2.0
CUST00913,244,3,1818.9,1,2,2,122,At Risk Customers,0.0,0.37333333333333335,3.0,3.3333333333333335
CUST00914,13,4,2222.24,4,3,2,432,New Customers,0.25,0.3775,3.5,3.25
CUST00915,174,4,2277.22,2,3,2,232,At Risk Customers,0.0,0.25,4.75,5.0
CUST00916,48,6,4860.93,3,4,4,344,Loyal Customers,0.16666666666666666,0.23666666666666666,3.6666666666666665,5.333333333333333
CUST00917,347,3,1704.79,1,2,2,122,At Risk Customers,0.0,0.2833333333333333,4.333333333333333,5.333333333333333
CUST00918,297,2,1142.22,1,1,1,111,At Risk Customers,0.0,0.38,3.0,4.5
CUST00919,3,3,2454.3900000000003,4,2,2,422,New Customers,0.0,0.23,3.6666666666666665,3.3333333333333335
CUST00920,127,4,3650.77,2,3,3,233,At Risk Customers,0.5,0.27749999999999997,4.0,5.25
CUST00921,256,1,1335.06,1,1,1,111,At Risk Customers,1.0,0.1,4.0,3.0
CUST00922,20,2,1685.92,4,1,2,412,New Customers,0.0,0.185,5.0,3.5
CUST00923,118,7,4149.83,2,4,3,243,Loyal Customers,0.0,0.27714285714285714,3.5714285714285716,5.0
CUST00924,17,6,3946.79,4,4,3,443,New Customers,0.16666666666666666,0.37666666666666665,4.5,4.666666666666667
CUST00925,10,3,1237.22,4,2,1,421,New Customers,0.0,0.2333333333333333,4.0,4.666666666666667
CUST00926,37,4,2339.8,3,3,2,332,At Risk Customers,0.0,0.2025,3.75,3.75
CUST00927,404,1,617.86,1,1,1,111,At Risk Customers,0.0,0.36,3.0,3.0
CUST00928,290,1,325.55,1,1,1,111,At Risk Customers,0.0,0.53,3.0,3.0
CUST00929,20,3,1073.3,4,2,1,421,New Customers,0.0,0.22,3.6666666666666665,4.666666666666667
CUST00930,32,6,3844.14,3,4,3,343,Loyal Customers,0.16666666666666666,0.3566666666666667,4.333333333333333,5.333333333333333
CUST00931,2,3,2714.71,4,2,3,423,New Customers,0.0,0.23666666666666666,3.0,5.666666666666667
CUST00932,144,1,688.68,2,1,1,211,At Risk Customers,1.0,0.2,2.0,2.0
CUST00933,266,3,2102.12,1,2,2,122,At Risk Customers,0.0,0.22666666666666666,4.666666666666667,3.6666666666666665
CUST00934,105,10,6237.47,2,4,4,244,Loyal Customers,0.1,0.258,4.5,4.7
CUST00935,33,7,5188.150000000001,3,4,4,344,Loyal Customers,0.0,0.33714285714285713,3.7142857142857144,4.142857142857143
CUST00936,30,5,3923.66,3,3,3,333,At Risk Customers,0.0,0.22800000000000004,4.2,5.0
CUST00937,187,5,3342.44,1,3,3,133,At Risk Customers,0.0,0.16999999999999998,3.8,2.8
CUST00938,87,3,4729.23,2,2,4,224,High Value Customers,0.0,0.2933333333333334,4.0,5.0
CUST00939,54,2,1107.05,3,1,1,311,At Risk Customers,0.5,0.305,2.5,5.5
CUST00940,5,4,2899.21,4,3,3,433,New Customers,0.75,0.21750000000000003,3.75,4.0
CUST00941,244,5,3758.0600000000004,1,3,3,133,At Risk Customers,0.0,0.294,4.8,4.6
CUST00942,68,1,407.18,2,1,1,211,At Risk Customers,1.0,0.35,2.0,7.0
CUST00943,407,5,3965.95,1,3,3,133,At Risk Customers,0.0,0.304,3.8,3.6
CUST00944,135,6,4456.65,2,4,4,244,Loyal Customers,0.16666666666666666,0.24833333333333332,3.1666666666666665,2.0
CUST00945,13,3,2214.03,4,2,2,422,New Customers,0.0,0.20333333333333334,3.6666666666666665,4.333333333333333
CUST00946,234,1,542.29,1,1,1,111,At Risk Customers,0.0,0.39,4.0,5.0
CUST00947,20,10,10027.53,4,4,4,444,Champions,0.1,0.161,4.555555555555555,5.0
CUST00948,140,1,923.64,2,1,1,211,At Risk Customers,0.0,0.1,5.0,6.0
CUST00949,191,2,1269.04,1,1,1,111,At Risk Customers,0.0,0.14500000000000002,4.0,2.5
CUST00950,270,3,3765.9,1,2,3,123,At Risk Customers,0.0,0.16666666666666666,3.6666666666666665,4.0
CUST00951,57,2,1189.38,2,1,1,211,At Risk Customers,0.5,0.185,5.0,4.5
CUST00952,53,9,5015.73,3,4,4,344,Loyal Customers,0.0,0.33222222222222225,4.111111111111111,3.4444444444444446
CUST00953,12,4,2392.2400000000002,4,3,2,432,New Customers,0.25,0.3475,2.75,4.25
CUST00954,25,3,1448.85,3,2,2,322,At Risk Customers,0.0,0.39999999999999997,4.0,3.3333333333333335
CUST00955,124,2,748.92,2,1,1,211,At Risk Customers,0.0,0.145,4.0,3.0
CUST00956,34,8,6939.79,3,4,4,344,Loyal Customers,0.0,0.2875,3.875,3.5
CUST00957,31,4,2283.67,3,3,2,332,At Risk Customers,0.5,0.23,4.0,3.25
CUST00958,221,2,1033.42,1,1,1,111,At Risk Customers,0.0,0.27,4.5,5.5
CUST00959,124,7,3865.13,2,4,3,243,Loyal Customers,0.14285714285714285,0.3085714285714286,3.4285714285714284,4.0
CUST00960,207,4,3772.4900000000002,1,3,3,133,At Risk Customers,0.25,0.2125,4.0,2.5
CUST00961,13,7,4642.05,4,4,4,444,Champions,0.14285714285714285,0.3457142857142857,3.4285714285714284,4.571428571428571
CUST00962,83,1,349.41,2,1,1,211,At Risk Customers,1.0,0.26,5.0,7.0
CUST00963,164,1,641.2,2,1,1,211,At Risk Customers,0.0,0.34,5.0,5.0
CUST00964,280,3,2167.08,1,2,2,122,At Risk Customers,0.0,0.25,4.0,5.333333333333333
CUST00965,7,3,1160.9499999999998,4,2,1,421,New Customers,0.0,0.3233333333333333,4.0,4.0
CUST00966,43,2,2702.51,3,1,3,313,At Risk Customers,0.0,0.305,5.0,4.0
CUST00967,279,2,2065.27,1,1,2,112,At Risk Customers,0.5,0.29000000000000004,3.0,6.0
CUST00968,159,6,6505.79,2,4,4,244,Loyal Customers,0.0,0.29,3.5,5.666666666666667
CUST00969,21,5,3048.0499999999997,4,3,3,433,New Customers,0.0,0.32999999999999996,4.4,6.4
CUST00970,249,3,1607.64,1,2,2,122,At Risk Customers,0.0,0.41,4.333333333333333,5.666666666666667
CUST00971,39,9,5971.94,3,4,4,344,Loyal Customers,0.0,0.2866666666666667,3.888888888888889,3.7777777777777777
CUST00972,52,6,7731.1900000000005,3,4,4,344,Loyal Customers,0.0,0.27166666666666667,3.6666666666666665,4.333333333333333
CUST00973,17,8,3816.52,4,4,3,443,New Customers,0.0,0.28625,3.625,5.25
CUST00974,23,6,3864.1600000000003,4,4,3,443,New Customers,0.16666666666666666,0.2783333333333333,4.166666666666667,5.333333333333333
CUST00975,20,5,3079.6099999999997,4,3,3,433,New Customers,0.0,0.292,4.2,4.6
CUST00976,12,8,6222.9,4,4,4,444,Champions,0.125,0.3375,3.5,4.625
CUST00977,13,4,2475.1,4,3,2,432,New Customers,0.0,0.295,4.0,3.5
CUST00978,368,1,725.16,1,1,1,111,At Risk Customers,0.0,0.38,3.0,5.0
CUST00979,164,8,6304.8099999999995,2,4,4,244,Loyal Customers,0.0,0.27999999999999997,3.25,4.5
CUST00980,142,1,492.33,2,1,1,211,At Risk Customers,0.0,0.26,5.0,6.0
CUST00981,51,9,6921.92,3,4,4,344,Loyal Customers,0.0,0.2877777777777778,4.666666666666667,3.5555555555555554
CUST00982,13,5,2494.24,4,3,2,432,New Customers,0.0,0.308,3.8,4.6
CUST00983,317,2,1982.29,1,1,2,112,At Risk Customers,0.0,0.10500000000000001,5.0,5.0
CUST00984,8,4,4244.13,4,3,3,433,New Customers,0.0,0.14750000000000002,3.25,5.25
CUST00985,146,1,734.6,2,1,1,211,At Risk Customers,0.0,0.15,5.0,9.0
CUST00986,7,6,3804.19,4,4,3,443,New Customers,0.0,0.3566666666666667,3.5,3.8333333333333335
CUST00987,36,6,6292.92,3,4,4,344,Loyal Customers,0.0,0.2916666666666667,3.8333333333333335,5.166666666666667
CUST00988,45,7,4773.01,3,4,4,344,Loyal Customers,0.0,0.16142857142857142,4.571428571428571,4.285714285714286
CUST00989,219,5,4165.87,1,3,3,133,At Risk Customers,0.0,0.22999999999999998,3.8,3.8
CUST00990,15,9,6877.57,4,4,4,444,Champions,0.1111111111111111,0.28444444444444444,3.6666666666666665,4.111111111111111
CUST00991,49,12,11918.47,3,4,4,344,Loyal Customers,0.0,0.22666666666666668,4.5,4.583333333333333
CUST00992,333,5,4442.45,1,3,4,134,High Value Customers,0.0,0.322,3.6,5.0
CUST00993,225,7,6785.33,1,4,4,144,Loyal Customers,0.0,0.10714285714285714,3.857142857142857,5.142857142857143
CUST00994,12,8,7749.85,4,4,4,444,Champions,0.125,0.35125,3.625,3.625
CUST00995,220,4,2523.84,1,3,2,132,At Risk Customers,0.0,0.33,3.75,3.5
CUST00996,20,8,4295.360000000001,4,4,4,444,Champions,0.0,0.18875,3.375,3.75
CUST00997,241,1,325.85,1,1,1,111,At Risk Customers,0.0,0.33,5.0,3.0
CUST00998,24,5,4050.55,3,3,3,333,At Risk Customers,0.0,0.16,4.4,2.8
CUST00999,209,7,4930.56,1,4,4,144,Loyal Customers,0.0,0.30428571428571427,4.428571428571429,5.857142857142857
CUST01000,22,4,3336.54,4,3,3,433,New Customers,0.0,0.32,3.75,3.5
CUST01001,374,5,4064.54,1,3,3,133,At Risk Customers,0.0,0.22800000000000004,3.6,3.0
CUST01002,41,6,3771.06,3,4,3,343,Loyal Customers,0.0,0.22833333333333336,3.6666666666666665,3.6666666666666665
CUST01003,199,1,944.62,1,1,1,111,At Risk Customers,0.0,0.32,5.0,7.0
CUST01004,276,7,5599.9,1,4,4,144,Loyal Customers,0.0,0.3385714285714286,4.0,4.571428571428571
CUST01005,205,1,1329.67,1,1,1,111,At Risk Customers,0.0,0.18,4.0,7.0
CUST01006,48,3,1795.3999999999999,3,2,2,322,At Risk Customers,0.0,0.20333333333333334,5.0,4.666666666666667
CUST01007,57,5,2893.62,2,3,3,233,At Risk Customers,0.0,0.312,4.2,4.8
CUST01008,330,1,473.15,1,1,1,111,At Risk Customers,0.0,0.1,5.0,6.0
CUST01009,32,2,1137.6100000000001,3,1,1,311,At Risk Customers,0.0,0.25,2.5,5.0
CUST01010,17,2,781.3599999999999,4,1,1,411,New Customers,0.0,0.29500000000000004,2.5,5.5
CUST01011,426,4,1951.66,1,3,2,132,At Risk Customers,0.0,0.265,4.25,5.0
CUST01012,22,5,3441.3199999999997,4,3,3,433,New Customers,0.2,0.164,4.4,7.0
CUST01013,368,2,1302.3899999999999,1,1,1,111,At Risk Customers,0.5,0.255,4.5,4.5
CUST01014,198,7,3972.09,1,4,3,143,Loyal Customers,0.0,0.26857142857142857,4.571428571428571,4.142857142857143
CUST01015,12,5,2736.99,4,3,3,433,New Customers,0.0,0.166,3.8,4.2
CUST01016,37,4,1706.07,3,3,2,332,At Risk Customers,0.0,0.26,4.0,3.25
CUST01017,47,6,5902.049999999999,3,4,4,344,Loyal Customers,0.16666666666666666,0.25333333333333335,4.0,5.333333333333333
CUST01018,7,2,1107.73,4,1,1,411,New Customers,0.0,0.32,4.0,3.5
CUST01019,351,2,1151.0900000000001,1,1,1,111,At Risk Customers,0.0,0.38,4.0,5.5
CUST01020,192,1,236.73,1,1,1,111,At Risk Customers,0.0,0.33,2.0,6.0
CUST01021,52,3,1191.98,3,2,1,321,At Risk Customers,0.3333333333333333,0.35000000000000003,4.0,4.0
CUST01022,313,2,1528.4,1,1,2,112,At Risk Customers,0.0,0.455,3.0,6.5
CUST01023,265,1,948.21,1,1,1,111,At Risk Customers,0.0,0.24,4.0,3.0
CUST01024,18,2,996.72,4,1,1,411,New Customers,0.0,0.245,4.0,4.0
CUST01025,24,6,7672.870000000001,3,4,4,344,Loyal Customers,0.16666666666666666,0.18666666666666668,3.3333333333333335,4.333333333333333
CUST01026,126,2,759.58,2,1,1,211,At Risk Customers,0.0,0.41500000000000004,3.5,5.0
CUST01027,59,5,4590.97,2,3,4,234,High Value Customers,0.0,0.16799999999999998,3.8,3.8
CUST01028,234,1,2809.6,1,1,3,113,At Risk Customers,0.0,0.26,4.0,4.0
CUST01029,19,5,2874.62,4,3,3,433,New Customers,0.0,0.33799999999999997,3.6,5.4
CUST01030,60,12,9864.789999999999,2,4,4,244,Loyal Customers,0.0,0.2366666666666667,3.5833333333333335,3.6666666666666665
CUST01031,235,5,3089.5600000000004,1,3,3,133,At Risk Customers,0.0,0.406,4.0,4.0
CUST01032,45,2,994.23,3,1,1,311,At Risk Customers,0.0,0.365,4.0,4.5
CUST01033,55,11,5721.55,3,4,4,344,Loyal Customers,0.18181818181818182,0.3563636363636364,3.5454545454545454,4.0
CUST01034,46,10,6196.6,3,4,4,344,Loyal Customers,0.0,0.29500000000000004,4.1,3.7
CUST01035,10,8,4307.32,4,4,4,444,Champions,0.125,0.41625,4.625,3.5
CUST01036,202,6,5297.63,1,4,4,144,Loyal Customers,0.0,0.17166666666666666,4.166666666666667,4.166666666666667
CUST01037,27,2,1802.65,3,1,2,312,At Risk Customers,0.0,0.385,4.5,3.5
CUST01038,113,4,1834.46,2,3,2,232,At Risk Customers,0.0,0.2375,3.75,4.75
CUST01039,18,4,2593.19,4,3,2,432,New Customers,0.25,0.22249999999999998,3.75,3.5
CUST01040,191,1,594.23,1,1,1,111,At Risk Customers,0.0,0.31,4.0,4.0
CUST01041,1,2,751.07,4,1,1,411,New Customers,0.0,0.42,3.5,5.0
CUST01042,35,2,1249.24,3,1,1,311,At Risk Customers,0.0,0.18,4.5,4.0
CUST01043,135,1,464.25,2,1,1,211,At Risk Customers,0.0,0.62,5.0,3.0
CUST01044,31,3,3450.2,3,2,3,323,At Risk Customers,0.0,0.26666666666666666,3.6666666666666665,4.333333333333333
CUST01045,4,3,2304.71,4,2,2,422,New Customers,0.0,0.20333333333333337,3.6666666666666665,4.333333333333333
CUST01046,166,1,1032.89,2,1,1,211,At Risk Customers,0.0,0.1,4.0,8.0
CUST01047,210,1,389.07,1,1,1,111,At Risk Customers,0.0,0.22,5.0,7.0
CUST01048,189,1,616.59,1,1,1,111,At Risk Customers,0.0,0.05,4.0,7.0
CUST01049,205,1,345.2,1,1,1,111,At Risk Customers,0.0,0.11,5.0,7.0
CUST01050,38,4,3112.21,3,3,3,333,At Risk Customers,0.0,0.16,3.0,4.5
CUST01051,164,2,1390.63,2,1,2,212,At Risk Customers,0.0,0.38,4.5,4.5
CUST01052,234,1,763.75,1,1,1,111,At Risk Customers,0.0,0.05,5.0,4.0
CUST01053,207,2,2622.57,1,1,3,113,At Risk Customers,0.0,0.205,5.0,5.0
CUST01054,237,5,2628.9300000000003,1,3,3,133,At Risk Customers,0.0,0.378,2.4,6.2
CUST01055,267,4,4625.5599999999995,1,3,4,134,High Value Customers,0.25,0.17500000000000002,3.0,5.5
CUST01056,45,7,5364.88,3,4,4,344,Loyal Customers,0.2857142857142857,0.21428571428571427,3.4285714285714284,3.2857142857142856
CUST01057,24,2,1334.53,3,1,1,311,At Risk Customers,0.0,0.18,3.0,5.5
CUST01058,171,3,1535.77,2,2,2,222,At Risk Customers,0.0,0.23666666666666666,4.333333333333333,5.333333333333333
CUST01059,207,1,601.72,1,1,1,111,At Risk Customers,0.0,0.31,4.0,4.0
CUST01060,32,4,3439.38,3,3,3,333,At Risk Customers,0.0,0.1925,4.0,5.5
CUST01061,3,4,2155.06,4,3,2,432,New Customers,0.0,0.4125,4.0,3.5
CUST01062,355,5,2991.27,1,3,3,133,At Risk Customers,0.0,0.194,4.4,4.8
CUST01063,30,3,1627.58,3,2,2,322,At Risk Customers,0.3333333333333333,0.36333333333333334,2.3333333333333335,5.0
CUST01064,57,4,2049.1499999999996,2,3,2,232,At Risk Customers,0.0,0.20750000000000002,4.5,5.75
CUST01065,59,3,1607.17,2,2,2,222,At Risk Customers,0.0,0.27666666666666667,2.3333333333333335,4.0
CUST01066,31,4,2965.5299999999997,3,3,3,333,At Risk Customers,0.0,0.275,4.0,4.25
CUST01067,7,5,4606.679999999999,4,3,4,434,New Customers,0.0,0.246,3.6,5.2
CUST01068,191,5,3945.95,1,3,3,133,At Risk Customers,0.0,0.292,3.6,3.4
CUST01069,53,2,3871.4700000000003,3,1,3,313,At Risk Customers,0.0,0.255,4.5,6.0
CUST01070,13,11,7739.12,4,4,4,444,Champions,0.0,0.2318181818181818,4.0,4.545454545454546
CUST01071,55,2,1287.3400000000001,3,1,1,311,At Risk Customers,0.0,0.22500000000000003,3.5,5.0
CUST01072,244,1,377.27,1,1,1,111,At Risk Customers,1.0,0.3,4.0,4.0
CUST01073,141,3,4033.7000000000003,2,2,3,223,At Risk Customers,0.3333333333333333,0.14333333333333334,3.6666666666666665,4.333333333333333
CUST01074,175,3,1784.42,2,2,2,222,At Risk Customers,0.0,0.24,3.0,5.333333333333333
CUST01075,87,2,1464.29,2,1,2,212,At Risk Customers,1.0,0.065,4.5,5.0
CUST01076,11,8,4484.14,4,4,4,444,Champions,0.0,0.3,3.5,5.25
CUST01077,129,1,1080.77,2,1,1,211,At Risk Customers,0.0,0.45,5.0,5.0
CUST01078,217,2,777.22,1,1,1,111,At Risk Customers,0.0,0.24,3.0,3.0
CUST01079,238,1,1832.92,1,1,2,112,At Risk Customers,0.0,0.1,4.0,3.0
CUST01080,178,3,1250.62,2,2,1,221,At Risk Customers,0.3333333333333333,0.37000000000000005,3.3333333333333335,6.0
CUST01081,13,6,5326.09,4,4,4,444,Champions,0.16666666666666666,0.2333333333333333,3.5,4.833333333333333
CUST01082,96,1,1181.66,2,1,1,211,At Risk Customers,0.0,0.34,5.0,5.0
CUST01083,297,2,767.05,1,1,1,111,At Risk Customers,0.0,0.35,3.0,4.0
CUST01084,60,9,5090.81,2,4,4,244,Loyal Customers,0.0,0.2588888888888889,4.111111111111111,4.222222222222222
CUST01085,419,1,1786.06,1,1,2,112,At Risk Customers,0.0,0.35,5.0,5.0
CUST01086,38,6,4690.18,3,4,4,344,Loyal Customers,0.16666666666666666,0.365,3.6666666666666665,5.333333333333333
CUST01087,63,1,839.43,2,1,1,211,At Risk Customers,1.0,0.3,3.0,8.0
CUST01088,4,2,1174.46,4,1,1,411,New Customers,0.0,0.375,2.5,4.5
CUST01089,86,1,337.51,2,1,1,211,At Risk Customers,0.0,0.43,4.0,1.0
CUST01090,205,2,1200.77,1,1,1,111,At Risk Customers,0.0,0.21000000000000002,2.5,4.0
CUST01091,148,1,505.4,2,1,1,211,At Risk Customers,0.0,0.29,2.0,5.0
CUST01092,257,9,7556.9,1,4,4,144,Loyal Customers,0.0,0.2833333333333333,3.6666666666666665,4.0
CUST01093,20,5,2177.05,4,3,2,432,New Customers,0.0,0.36,4.4,4.0
CUST01094,58,7,4686.0,2,4,4,244,Loyal Customers,0.0,0.2285714285714286,3.142857142857143,4.714285714285714
CUST01095,25,4,2634.15,3,3,3,333,At Risk Customers,0.0,0.3625,4.5,5.75
CUST01096,15,8,5848.84,4,4,4,444,Champions,0.125,0.18375,4.125,3.625
CUST01097,294,5,2841.22,1,3,3,133,At Risk Customers,0.0,0.25,4.2,4.6
CUST01098,259,2,1964.25,1,1,2,112,At Risk Customers,0.0,0.33499999999999996,3.5,4.0
CUST01099,7,11,7259.41,4,4,4,444,Champions,0.0,0.3190909090909091,4.454545454545454,4.2727272727272725
CUST01100,19,3,1520.78,4,2,2,422,New Customers,0.0,0.22666666666666666,4.0,5.333333333333333
CUST01101,71,1,732.91,2,1,1,211,At Risk Customers,0.0,0.13,3.0,6.0
CUST01102,55,8,4899.84,3,4,4,344,Loyal Customers,0.0,0.2275,4.625,4.75
CUST01103,137,4,2384.85,2,3,2,232,At Risk Customers,0.0,0.175,2.75,3.0
CUST01104,2,7,4508.23,4,4,4,444,Champions,0.0,0.3157142857142857,4.0,4.142857142857143
CUST01105,145,3,1353.63,2,2,1,221,At Risk Customers,0.0,0.21,3.3333333333333335,5.0
CUST01106,47,2,1648.8400000000001,3,1,2,312,At Risk Customers,0.0,0.095,4.5,6.0
CUST01107,152,2,980.0699999999999,2,1,1,211,At Risk Customers,0.0,0.32,3.5,3.5
CUST01108,53,5,3662.24,3,3,3,333,At Risk Customers,0.0,0.298,3.0,4.4
CUST01109,50,2,1011.0899999999999,3,1,1,311,At Risk Customers,0.5,0.355,4.0,5.0
CUST01110,321,6,3554.06,1,4,3,143,Loyal Customers,0.0,0.37333333333333335,4.833333333333333,3.3333333333333335
CUST01111,156,7,7703.55,2,4,4,244,Loyal Customers,0.0,0.2742857142857143,3.857142857142857,3.857142857142857
CUST01112,10,5,3121.73,4,3,3,433,New Customers,0.0,0.368,4.0,4.6
CUST01113,41,7,3568.85,3,4,3,343,Loyal Customers,0.14285714285714285,0.33,4.0,3.857142857142857
CUST01114,208,1,831.94,1,1,1,111,At Risk Customers,0.0,0.34,4.0,6.0
CUST01115,9,11,7450.88,4,4,4,444,Champions,0.09090909090909091,0.29,4.090909090909091,4.454545454545454
CUST01116,34,2,2501.7999999999997,3,1,2,312,At Risk Customers,0.0,0.16999999999999998,3.0,5.0
CUST01117,29,10,7739.33,3,4,4,344,Loyal Customers,0.0,0.269,3.8,3.9
CUST01118,48,6,2962.7799999999997,3,4,3,343,Loyal Customers,0.16666666666666666,0.3183333333333333,4.666666666666667,4.5
CUST01119,185,1,654.67,1,1,1,111,At Risk Customers,0.0,0.36,5.0,3.0
CUST01120,10,5,3335.16,4,3,3,433,New Customers,0.2,0.20600000000000002,3.2,5.0
CUST01121,23,3,2102.81,4,2,2,422,New Customers,0.0,0.41333333333333333,4.666666666666667,5.333333333333333
CUST01122,8,2,1694.55,4,1,2,412,New Customers,0.0,0.18,5.0,5.0
CUST01123,243,2,958.69,1,1,1,111,At Risk Customers,0.5,0.27,5.0,2.5
CUST01124,233,9,5960.1,1,4,4,144,Loyal Customers,0.0,0.34777777777777774,4.111111111111111,3.2222222222222223
CUST01125,306,5,4034.96,1,3,3,133,At Risk Customers,0.2,0.288,3.8,4.4
CUST01126,54,3,4059.0,3,2,3,323,At Risk Customers,0.0,0.25333333333333335,4.666666666666667,5.0
CUST01127,191,2,774.6899999999999,1,1,1,111,At Risk Customers,0.0,0.325,5.0,4.5
CUST01128,243,1,1108.73,1,1,1,111,At Risk Customers,0.0,0.21,2.0,5.0
CUST01129,218,1,675.97,1,1,1,111,At Risk Customers,0.0,0.39,5.0,6.0
CUST01130,160,4,2506.58,2,3,2,232,At Risk Customers,0.0,0.3225,4.5,5.0
CUST01131,16,5,3988.9300000000003,4,3,3,433,New Customers,0.0,0.252,4.0,5.0
CUST01132,58,7,6032.4800000000005,2,4,4,244,Loyal Customers,0.0,0.1842857142857143,3.7142857142857144,5.285714285714286
CUST01133,97,2,779.1500000000001,2,1,1,211,At Risk Customers,0.0,0.30000000000000004,4.5,5.0
CUST01134,1,8,6725.5,4,4,4,444,Champions,0.125,0.28500000000000003,4.125,2.875
CUST01135,154,3,3302.06,2,2,3,223,At Risk Customers,0.0,0.2733333333333334,4.333333333333333,4.666666666666667
CUST01136,35,8,4771.79,3,4,4,344,Loyal Customers,0.125,0.25,3.5,4.375
CUST01137,176,3,1483.05,2,2,2,222,At Risk Customers,0.3333333333333333,0.4466666666666667,4.666666666666667,4.333333333333333
CUST01138,195,5,2475.44,1,3,2,132,At Risk Customers,0.0,0.23399999999999999,4.4,4.0
CUST01139,25,3,3551.06,3,2,3,323,At Risk Customers,0.0,0.26666666666666666,4.666666666666667,4.333333333333333
CUST01140,36,7,6152.8,3,4,4,344,Loyal Customers,0.0,0.2642857142857143,3.5714285714285716,4.571428571428571
CUST01141,176,1,691.6,2,1,1,211,At Risk Customers,0.0,0.19,5.0,8.0
CUST01142,58,3,2106.45,2,2,2,222,At Risk Customers,0.0,0.29,5.0,4.0
CUST01143,48,3,2317.4,3,2,2,322,At Risk Customers,0.0,0.31333333333333335,4.0,4.0
CUST01144,10,5,5100.0599999999995,4,3,4,434,New Customers,0.2,0.26,3.5,3.8
CUST01145,244,3,1800.48,1,2,2,122,At Risk Customers,0.0,0.20333333333333334,4.333333333333333,5.333333333333333
CUST01146,34,7,5655.33,3,4,4,344,Loyal Customers,0.0,0.3314285714285714,3.5,4.714285714285714
CUST01147,10,8,6255.83,4,4,4,444,Champions,0.25,0.345,3.625,3.75
CUST01148,189,9,6527.14,1,4,4,144,Loyal Customers,0.1111111111111111,0.1388888888888889,3.3333333333333335,4.555555555555555
CUST01149,53,7,4258.59,3,4,4,344,Loyal Customers,0.0,0.40285714285714286,3.4285714285714284,3.7142857142857144
CUST01150,228,5,2478.69,1,3,2,132,At Risk Customers,0.2,0.31599999999999995,3.4,3.8
CUST01151,166,4,3131.54,2,3,3,233,At Risk Customers,0.0,0.155,4.25,5.0
CUST01152,13,9,8889.18,4,4,4,444,Champions,0.0,0.1988888888888889,4.444444444444445,4.222222222222222
CUST01153,94,1,714.43,2,1,1,211,At Risk Customers,1.0,0.4,1.0,1.0
CUST01154,2,6,4527.93,4,4,4,444,Champions,0.16666666666666666,0.305,4.0,4.333333333333333
CUST01155,51,5,3050.8099999999995,3,3,3,333,At Risk Customers,0.4,0.35,4.5,3.6
CUST01156,44,5,2519.3900000000003,3,3,2,332,At Risk Customers,0.0,0.382,4.0,4.2
CUST01157,25,6,4286.4800000000005,3,4,4,344,Loyal Customers,0.3333333333333333,0.25666666666666665,3.2,5.166666666666667
CUST01158,15,4,4631.96,4,3,4,434,New Customers,0.0,0.24,4.25,4.25
CUST01159,7,7,4797.0599999999995,4,4,4,444,Champions,0.0,0.2785714285714286,4.0,4.285714285714286
CUST01160,227,3,1700.8000000000002,1,2,2,122,At Risk Customers,0.0,0.43,4.666666666666667,5.666666666666667
CUST01161,215,5,4953.99,1,3,4,134,High Value Customers,0.2,0.21600000000000003,3.2,4.8
CUST01162,40,3,3028.83,3,2,3,323,At Risk Customers,0.0,0.21333333333333335,4.333333333333333,4.333333333333333
CUST01163,436,1,379.14,1,1,1,111,At Risk Customers,0.0,0.2,,1.0
CUST01164,98,1,965.68,2,1,1,211,At Risk Customers,0.0,0.52,5.0,6.0
CUST01165,216,2,1690.75,1,1,2,112,At Risk Customers,0.0,0.265,4.5,4.0
CUST01166,102,4,3104.76,2,3,3,233,At Risk Customers,0.25,0.1875,3.0,5.75
CUST01167,28,11,6958.25,3,4,4,344,Loyal Customers,0.09090909090909091,0.3063636363636364,4.0,4.090909090909091
CUST01168,8,3,1299.57,4,2,1,421,New Customers,0.0,0.21333333333333335,4.0,7.0
CUST01169,48,2,1610.46,3,1,2,312,At Risk Customers,0.5,0.3,4.0,5.0
CUST01170,200,2,1210.01,1,1,1,111,At Risk Customers,0.0,0.24000000000000002,4.5,4.5
CUST01171,19,2,1179.55,4,1,1,411,New Customers,0.0,0.455,4.5,3.5
CUST01172,19,12,11477.67,4,4,4,444,Champions,0.0,0.24916666666666665,3.5,3.8333333333333335
CUST01173,26,7,7099.030000000001,3,4,4,344,Loyal Customers,0.0,0.22714285714285715,4.142857142857143,6.142857142857143
CUST01174,150,3,1722.3700000000001,2,2,2,222,At Risk Customers,0.0,0.25,4.666666666666667,4.333333333333333
CUST01175,45,9,6896.39,3,4,4,344,Loyal Customers,0.0,0.27666666666666667,3.888888888888889,3.3333333333333335
CUST01176,276,1,149.0,1,1,1,111,At Risk Customers,0.0,0.51,5.0,4.0
CUST01177,9,5,3190.53,4,3,3,433,New Customers,0.0,0.32,4.2,4.8
CUST01178,128,3,1298.14,2,2,1,221,At Risk Customers,0.0,0.32,4.666666666666667,3.6666666666666665
CUST01179,169,1,536.83,2,1,1,211,At Risk Customers,0.0,0.2,5.0,3.0
CUST01180,58,3,2999.97,2,2,3,223,At Risk Customers,0.6666666666666666,0.24333333333333332,2.6666666666666665,6.0
CUST01181,198,1,296.32,1,1,1,111,At Risk Customers,0.0,0.3,4.0,5.0
CUST01182,13,6,4031.5,4,4,3,443,New Customers,0.0,0.26666666666666666,4.666666666666667,4.0
CUST01183,25,4,2836.54,3,3,3,333,At Risk Customers,0.25,0.21250000000000002,4.5,4.25
CUST01184,20,6,3313.56,4,4,3,443,New Customers,0.0,0.27999999999999997,4.166666666666667,4.0
CUST01185,26,7,6083.03,3,4,4,344,Loyal Customers,0.0,0.22285714285714286,3.4285714285714284,3.4285714285714284
CUST01186,214,3,2962.35,1,2,3,123,At Risk Customers,0.0,0.21666666666666667,4.0,4.333333333333333
CUST01187,26,5,3483.44,3,3,3,333,At Risk Customers,0.0,0.332,4.4,4.6
CUST01188,153,2,688.52,2,1,1,211,At Risk Customers,0.5,0.5700000000000001,2.0,5.5
CUST01189,222,3,3126.0299999999997,1,2,3,123,At Risk Customers,0.0,0.14333333333333334,1.6666666666666667,5.666666666666667
CUST01190,35,5,4507.73,3,3,4,334,High Value Customers,0.0,0.302,3.8,3.0
CUST01191,113,1,510.71,2,1,1,211,At Risk Customers,0.0,0.57,4.0,5.0
CUST01192,51,5,3055.98,3,3,3,333,At Risk Customers,0.0,0.136,4.2,4.6
CUST01193,518,1,270.13,1,1,1,111,At Risk Customers,0.0,0.32,5.0,5.0
CUST01194,146,3,1852.1599999999999,2,2,2,222,At Risk Customers,0.3333333333333333,0.33,5.0,5.0
CUST01195,155,1,542.27,2,1,1,211,At Risk Customers,1.0,0.23,3.0,7.0
CUST01196,172,3,3110.08,2,2,3,223,At Risk Customers,0.3333333333333333,0.34,5.0,4.666666666666667
CUST01197,138,2,406.22,2,1,1,211,At Risk Customers,0.0,0.46,3.5,5.5
CUST01198,49,2,996.83,3,1,1,311,At Risk Customers,0.0,0.275,4.0,5.5
CUST01199,420,3,2144.4,1,2,2,122,At Risk Customers,0.3333333333333333,0.25666666666666665,4.0,3.0
CUST01200,51,2,1100.3,3,1,1,311,At Risk Customers,0.0,0.135,4.5,5.5
CUST01201,219,7,5885.4,1,4,4,144,Loyal Customers,0.0,0.21285714285714286,4.0,6.0
CUST01202,193,1,650.67,1,1,1,111,At Risk Customers,0.0,0.3,4.0,1.0
CUST01203,59,3,842.47,2,2,1,221,At Risk Customers,0.0,0.37000000000000005,3.3333333333333335,4.333333333333333
CUST01204,17,8,4921.26,4,4,4,444,Champions,0.0,0.3125,3.857142857142857,4.375
CUST01205,323,4,1861.62,1,3,2,132,At Risk Customers,0.0,0.4175,3.0,3.25
CUST01206,134,1,819.46,2,1,1,211,At Risk Customers,0.0,0.16,3.0,3.0
CUST01207,171,2,638.4200000000001,2,1,1,211,At Risk Customers,0.0,0.37,3.5,3.5
CUST01208,38,4,1928.58,3,3,2,332,At Risk Customers,0.0,0.31,4.0,5.25
CUST01209,4,9,4517.05,4,4,4,444,Champions,0.1111111111111111,0.29,3.2222222222222223,4.555555555555555
CUST01210,327,1,429.55,1,1,1,111,At Risk Customers,0.0,0.34,4.0,5.0
CUST01211,52,6,4369.23,3,4,4,344,Loyal Customers,0.16666666666666666,0.38000000000000006,3.0,4.0
CUST01212,23,7,6134.99,4,4,4,444,Champions,0.42857142857142855,0.37285714285714283,3.2857142857142856,4.714285714285714
CUST01213,224,1,492.41,1,1,1,111,At Risk Customers,0.0,0.21,4.0,2.0
CUST01214,185,4,5584.12,1,3,4,134,High Value Customers,0.0,0.2,3.5,5.5
CUST01215,29,5,4449.57,3,3,4,334,High Value Customers,0.0,0.168,4.6,5.2
CUST01216,168,1,1022.33,2,1,1,211,At Risk Customers,0.0,0.35,5.0,6.0
CUST01217,224,2,1295.0,1,1,1,111,At Risk Customers,0.0,0.20500000000000002,4.5,4.5
CUST01218,7,7,4839.62,4,4,4,444,Champions,0.14285714285714285,0.2785714285714286,3.7142857142857144,4.0
CUST01219,20,3,1368.38,4,2,1,421,New Customers,0.0,0.3833333333333333,4.333333333333333,4.666666666666667
CUST01220,159,1,1095.74,2,1,1,211,At Risk Customers,0.0,0.23,2.0,4.0
CUST01221,29,4,2504.8,3,3,2,332,At Risk Customers,0.0,0.30500000000000005,4.25,4.75
CUST01222,12,4,2229.4500000000003,4,3,2,432,New Customers,0.0,0.24,4.75,4.5
CUST01223,179,6,3738.91,2,4,3,243,Loyal Customers,0.0,0.29,3.8333333333333335,3.3333333333333335
CUST01224,94,1,1005.1,2,1,1,211,At Risk Customers,0.0,0.33,4.0,6.0
CUST01225,158,1,620.28,2,1,1,211,At Risk Customers,0.0,0.03,5.0,3.0
CUST01226,98,4,2967.87,2,3,3,233,At Risk Customers,0.5,0.3025,3.75,4.5
CUST01227,104,5,2824.19,2,3,3,233,At Risk Customers,0.2,0.284,4.2,4.0
CUST01228,273,4,2998.23,1,3,3,133,At Risk Customers,0.0,0.10750000000000001,2.75,3.0
CUST01229,208,4,1965.74,1,3,2,132,At Risk Customers,0.25,0.235,3.0,3.25
CUST01230,173,2,1398.63,2,1,2,212,At Risk Customers,0.0,0.28,2.5,3.5
CUST01231,15,4,2051.59,4,3,2,432,New Customers,0.0,0.25,3.5,4.25
CUST01232,244,2,906.6800000000001,1,1,1,111,At Risk Customers,0.0,0.185,3.0,5.5
CUST01233,12,9,8057.13,4,4,4,444,Champions,0.0,0.21666666666666667,3.7777777777777777,5.0
CUST01234,176,3,2999.91,2,2,3,223,At Risk Customers,0.0,0.2733333333333334,4.0,4.0
CUST01235,222,5,3111.29,1,3,3,133,At Risk Customers,0.0,0.174,4.2,5.8
CUST01236,33,11,6340.12,3,4,4,344,Loyal Customers,0.0,0.3145454545454545,3.5454545454545454,4.454545454545454
CUST01237,164,3,1474.19,2,2,2,222,At Risk Customers,0.0,0.34,3.6666666666666665,6.333333333333333
CUST01238,46,7,5105.49,3,4,4,344,Loyal Customers,0.0,0.2557142857142857,4.571428571428571,4.428571428571429
CUST01239,11,2,2242.2200000000003,4,1,2,412,New Customers,0.0,0.2,3.5,5.0
CUST01240,80,1,434.11,2,1,1,211,At Risk Customers,0.0,0.34,4.0,6.0
CUST01241,57,2,505.20000000000005,2,1,1,211,At Risk Customers,0.5,0.23500000000000001,2.5,3.0
CUST01242,58,10,11607.81,2,4,4,244,Loyal Customers,0.1,0.24300000000000002,3.5555555555555554,4.4
CUST01243,135,3,1470.48,2,2,2,222,At Risk Customers,0.0,0.2966666666666667,4.666666666666667,3.3333333333333335
CUST01244,24,6,4620.29,3,4,4,344,Loyal Customers,0.0,0.19499999999999998,3.3333333333333335,5.166666666666667
CUST01245,316,2,1283.42,1,1,1,111,At Risk Customers,0.0,0.16499999999999998,4.5,3.5
CUST01246,23,4,3353.49,4,3,3,433,New Customers,0.0,0.3125,4.0,3.0
CUST01247,40,4,3108.17,3,3,3,333,At Risk Customers,0.0,0.2575,2.25,4.75
CUST01248,49,2,2081.32,3,1,2,312,At Risk Customers,0.0,0.22,3.5,5.5
CUST01249,15,6,4053.69,4,4,3,443,New Customers,0.0,0.24833333333333332,4.0,4.166666666666667
CUST01250,42,2,2250.91,3,1,2,312,At Risk Customers,0.0,0.24000000000000002,4.0,2.0
CUST01251,113,11,6352.58,2,4,4,244,Loyal Customers,0.18181818181818182,0.33,3.2,5.0
CUST01252,99,4,2575.58,2,3,2,232,At Risk Customers,0.0,0.365,4.25,5.5
CUST01253,160,2,2035.62,2,1,2,212,At Risk Customers,0.0,0.15,4.0,4.0
CUST01254,12,3,3087.35,4,2,3,423,New Customers,0.0,0.3466666666666667,3.6666666666666665,6.666666666666667
CUST01255,30,2,2558.23,3,1,2,312,At Risk Customers,0.0,0.175,5.0,1.0
CUST01256,347,1,564.83,1,1,1,111,At Risk Customers,0.0,0.21,4.0,9.0
CUST01257,88,5,3430.98,2,3,3,233,At Risk Customers,0.2,0.316,3.4,5.4
CUST01258,311,7,4454.38,1,4,4,144,Loyal Customers,0.0,0.35000000000000003,4.428571428571429,4.285714285714286
CUST01259,155,6,4645.31,2,4,4,244,Loyal Customers,0.3333333333333333,0.3066666666666667,3.3333333333333335,3.8333333333333335
CUST01260,12,2,1544.69,4,1,2,412,New Customers,0.0,0.08499999999999999,4.0,3.5
CUST01261,21,3,1007.37,4,2,1,421,New Customers,0.3333333333333333,0.31333333333333335,2.3333333333333335,4.333333333333333
CUST01262,86,1,195.09,2,1,1,211,At Risk Customers,0.0,0.57,5.0,4.0
CUST01263,15,11,7575.91,4,4,4,444,Champions,0.09090909090909091,0.26272727272727275,4.545454545454546,3.5454545454545454
CUST01264,112,2,2890.16,2,1,3,213,At Risk Customers,0.0,0.28,4.0,1.0
CUST01265,4,4,2608.96,4,3,2,432,New Customers,0.0,0.3575,4.25,3.75
CUST01266,41,8,6138.87,3,4,4,344,Loyal Customers,0.125,0.1225,3.5,4.375
CUST01267,49,9,6217.47,3,4,4,344,Loyal Customers,0.0,0.1811111111111111,4.222222222222222,4.0
CUST01268,80,7,6083.44,2,4,4,244,Loyal Customers,0.14285714285714285,0.19,4.0,4.714285714285714
CUST01269,31,2,1116.62,3,1,1,311,At Risk Customers,0.0,0.11499999999999999,4.0,5.0
CUST01270,16,2,535.01,4,1,1,411,New Customers,0.0,0.375,4.5,6.5
CUST01271,12,2,1285.54,4,1,1,411,New Customers,0.0,0.325,4.0,3.5
CUST01272,13,2,2481.63,4,1,2,412,New Customers,0.0,0.275,5.0,4.0
CUST01273,210,2,1602.01,1,1,2,112,At Risk Customers,0.0,0.315,5.0,3.5
CUST01274,19,8,6462.28,4,4,4,444,Champions,0.0,0.34875,3.75,5.0
CUST01275,53,4,3098.1,3,3,3,333,At Risk Customers,0.0,0.295,4.5,4.75
CUST01276,25,6,3093.02,3,4,3,343,Loyal Customers,0.16666666666666666,0.2966666666666667,4.5,4.333333333333333
CUST01277,160,5,3500.13,2,3,3,233,At Risk Customers,0.0,0.31,3.4,4.4
CUST01278,57,5,2929.04,2,3,3,233,At Risk Customers,0.2,0.242,4.0,4.8
CUST01279,162,1,1494.42,2,1,2,212,At Risk Customers,1.0,0.35,4.0,4.0
CUST01280,45,9,8496.5,3,4,4,344,Loyal Customers,0.0,0.29,3.888888888888889,4.222222222222222
CUST01281,276,3,1971.02,1,2,2,122,At Risk Customers,0.0,0.3233333333333333,4.333333333333333,3.3333333333333335
CUST01282,139,1,499.65,2,1,1,211,At Risk Customers,0.0,0.2,5.0,5.0
CUST01283,101,10,6697.49,2,4,4,244,Loyal Customers,0.1,0.31999999999999995,3.7,5.1
CUST01284,253,5,4033.89,1,3,3,133,At Risk Customers,0.0,0.336,3.8,4.8
CUST01285,185,8,6478.76,1,4,4,144,Loyal Customers,0.0,0.255,4.25,5.25
CUST01286,22,4,2484.92,4,3,2,432,New Customers,0.0,0.2475,4.75,4.5
CUST01287,5,5,3139.93,4,3,3,433,New Customers,0.0,0.376,4.2,4.4
CUST01288,193,1,486.14,1,1,1,111,At Risk Customers,0.0,0.38,5.0,4.0
CUST01289,7,4,3429.63,4,3,3,433,New Customers,0.0,0.2925,4.0,5.0
CUST01290,2,4,2817.87,4,3,3,433,New Customers,0.0,0.225,3.25,4.0
CUST01291,25,5,2781.77,3,3,3,333,At Risk Customers,0.2,0.298,4.0,3.6
CUST01292,11,3,2891.04,4,2,3,423,New Customers,0.0,0.19000000000000003,3.3333333333333335,4.0
CUST01293,19,8,5379.42,4,4,4,444,Champions,0.0,0.26375,4.125,4.125
CUST01294,22,2,1117.3899999999999,4,1,1,411,New Customers,0.0,0.455,5.0,4.0
CUST01295,182,4,12408.61,1,3,4,134,High Value Customers,0.25,0.155,4.0,4.5
CUST01296,5,3,2641.67,4,2,3,423,New Customers,0.0,0.35333333333333333,4.0,3.0
CUST01297,3,6,3084.59,4,4,3,443,New Customers,0.0,0.26666666666666666,5.0,4.5
CUST01298,390,4,1161.46,1,3,1,131,At Risk Customers,0.25,0.3525,3.5,3.75
CUST01299,232,3,2011.06,1,2,2,122,At Risk Customers,0.0,0.20333333333333337,3.3333333333333335,5.333333333333333
CUST01300,34,9,4951.68,3,4,4,344,Loyal Customers,0.0,0.3488888888888889,3.888888888888889,3.888888888888889
CUST01301,146,4,1662.8999999999999,2,3,2,232,At Risk Customers,0.0,0.38,4.0,3.75
CUST01302,30,9,7115.13,3,4,4,344,Loyal Customers,0.0,0.23222222222222222,4.222222222222222,3.7777777777777777
CUST01303,81,2,1442.63,2,1,2,212,At Risk Customers,0.0,0.28,3.5,4.0
CUST01304,26,6,2819.6800000000003,3,4,3,343,Loyal Customers,0.0,0.2333333333333333,3.8333333333333335,4.0
CUST01305,111,1,311.4,2,1,1,211,At Risk Customers,0.0,0.45,4.0,6.0
CUST01306,40,7,7826.82,3,4,4,344,Loyal Customers,0.14285714285714285,0.24285714285714285,4.857142857142857,3.5714285714285716
CUST01307,295,2,1179.22,1,1,1,111,At Risk Customers,0.0,0.22,3.5,3.0
CUST01308,180,3,2085.04,2,2,2,222,At Risk Customers,0.0,0.24666666666666667,3.0,2.6666666666666665
CUST01309,1,8,4131.1,4,4,3,443,New Customers,0.0,0.37625,3.75,4.75
CUST01310,58,6,4660.18,2,4,4,244,Loyal Customers,0.0,0.27666666666666667,4.0,5.333333333333333
CUST01311,11,7,4950.09,4,4,4,444,Champions,0.14285714285714285,0.35000000000000003,3.142857142857143,4.0
CUST01312,53,6,5456.15,3,4,4,344,Loyal Customers,0.0,0.19833333333333333,3.6666666666666665,3.3333333333333335
CUST01313,41,8,7816.55,3,4,4,344,Loyal Customers,0.125,0.31875,3.75,4.875
CUST01314,18,6,4916.42,4,4,4,444,Champions,0.16666666666666666,0.24166666666666667,4.166666666666667,4.166666666666667
CUST01315,283,1,473.31,1,1,1,111,At Risk Customers,0.0,0.29,5.0,2.0
CUST01316,181,1,407.44,1,1,1,111,At Risk Customers,0.0,0.25,5.0,4.0
CUST01317,317,4,3389.0,1,3,3,133,At Risk Customers,0.0,0.185,3.25,3.75
CUST01318,191,2,911.45,1,1,1,111,At Risk Customers,0.0,0.1,4.0,2.5
CUST01319,24,2,1224.1,3,1,1,311,At Risk Customers,0.0,0.31,5.0,3.5
CUST01320,211,3,1828.6799999999998,1,2,2,122,At Risk Customers,0.3333333333333333,0.18999999999999997,3.6666666666666665,3.3333333333333335
CUST01321,36,8,4480.23,3,4,4,344,Loyal Customers,0.25,0.29875,3.375,6.125
CUST01322,157,4,3476.6,2,3,3,233,At Risk Customers,0.0,0.2525,5.0,5.5
CUST01323,337,3,1273.29,1,2,1,121,At Risk Customers,0.0,0.43333333333333335,3.3333333333333335,3.3333333333333335
CUST01324,288,1,967.23,1,1,1,111,At Risk Customers,0.0,0.14,5.0,4.0
CUST01325,28,8,8601.32,3,4,4,344,Loyal Customers,0.0,0.21,3.875,4.5
CUST01326,192,3,4393.63,1,2,4,124,High Value Customers,0.0,0.35000000000000003,4.666666666666667,5.333333333333333
CUST01327,5,6,6707.79,4,4,4,444,Champions,0.16666666666666666,0.235,4.166666666666667,4.0
CUST01328,34,4,3436.0299999999997,3,3,3,333,At Risk Customers,0.0,0.265,4.25,3.25
CUST01329,6,6,3260.46,4,4,3,443,New Customers,0.16666666666666666,0.3016666666666667,3.8,4.0
CUST01330,4,6,5424.99,4,4,4,444,Champions,0.0,0.2416666666666667,4.0,4.166666666666667
CUST01331,56,7,6201.48,3,4,4,344,Loyal Customers,0.0,0.26999999999999996,3.4285714285714284,4.714285714285714
CUST01332,8,6,5804.94,4,4,4,444,Champions,0.0,0.2333333333333333,3.5,5.666666666666667
CUST01333,108,1,420.65,2,1,1,211,At Risk Customers,0.0,0.18,3.0,5.0
CUST01334,221,4,2962.17,1,3,3,133,At Risk Customers,0.0,0.1625,3.5,4.75
CUST01335,29,8,6755.67,3,4,4,344,Loyal Customers,0.0,0.24750000000000003,3.625,4.625
CUST01336,62,2,910.6700000000001,2,1,1,211,At Risk Customers,0.0,0.22999999999999998,3.0,5.0
CUST01337,6,2,1695.5300000000002,4,1,2,412,New Customers,0.0,0.255,4.5,5.0
CUST01338,68,1,232.88,2,1,1,211,At Risk Customers,1.0,0.43,3.0,6.0
CUST01339,223,1,450.33,1,1,1,111,At Risk Customers,0.0,0.26,3.0,3.0
CUST01340,137,1,624.33,2,1,1,211,At Risk Customers,0.0,0.07,5.0,3.0
CUST01341,99,1,395.13,2,1,1,211,At Risk Customers,0.0,0.23,3.0,6.0
CUST01342,145,3,2125.98,2,2,2,222,At Risk Customers,0.0,0.2966666666666667,4.0,3.0
CUST01343,3,8,4969.94,4,4,4,444,Champions,0.0,0.1775,4.625,4.375
CUST01344,456,1,1054.04,1,1,1,111,At Risk Customers,0.0,0.28,4.0,4.0
CUST01345,18,3,4114.54,4,2,3,423,New Customers,0.0,0.31666666666666665,4.0,4.333333333333333
CUST01346,25,11,7141.32,3,4,4,344,Loyal Customers,0.0,0.35454545454545455,4.090909090909091,4.090909090909091
CUST01347,189,1,316.63,1,1,1,111,At Risk Customers,0.0,0.39,2.0,1.0
CUST01348,201,4,2160.61,1,3,2,132,At Risk Customers,0.25,0.245,4.25,4.5
CUST01349,36,5,4006.6400000000003,3,3,3,333,At Risk Customers,0.0,0.2,4.4,3.6
CUST01350,251,2,1242.73,1,1,1,111,At Risk Customers,0.0,0.215,4.0,5.0
CUST01351,91,1,542.87,2,1,1,211,At Risk Customers,1.0,0.42,3.0,5.0
CUST01352,184,7,5877.57,1,4,4,144,Loyal Customers,0.14285714285714285,0.3614285714285714,4.428571428571429,3.5714285714285716
CUST01353,21,2,875.0699999999999,4,1,1,411,New Customers,0.0,0.185,4.5,6.5
CUST01354,7,3,1670.79,4,2,2,422,New Customers,0.0,0.3666666666666667,3.6666666666666665,4.0
CUST01355,15,4,3034.98,4,3,3,433,New Customers,0.0,0.32,3.0,4.75
CUST01356,103,2,1149.21,2,1,1,211,At Risk Customers,0.0,0.265,4.5,2.5
CUST01357,187,6,4681.22,1,4,4,144,Loyal Customers,0.0,0.35000000000000003,3.5,3.6666666666666665
CUST01358,12,3,2267.79,4,2,2,422,New Customers,0.0,0.31,4.666666666666667,5.0
CUST01359,167,5,3628.17,2,3,3,233,At Risk Customers,0.0,0.274,4.0,5.6
CUST01360,221,8,12310.69,1,4,4,144,Loyal Customers,0.0,0.395,4.25,4.125
CUST01361,40,2,1394.67,3,1,2,312,At Risk Customers,0.0,0.135,5.0,5.5
CUST01362,141,4,2803.19,2,3,3,233,At Risk Customers,0.0,0.32,3.25,3.5
CUST01363,15,5,3348.52,4,3,3,433,New Customers,0.0,0.31799999999999995,4.0,2.6
CUST01364,209,1,1261.0,1,1,1,111,At Risk Customers,0.0,0.2,4.0,6.0
CUST01365,308,2,749.98,1,1,1,111,At Risk Customers,0.0,0.36,3.0,2.0
CUST01366,159,6,3862.08,2,4,3,243,Loyal Customers,0.0,0.4466666666666666,4.5,3.5
CUST01367,117,1,363.62,2,1,1,211,At Risk Customers,0.0,0.23,3.0,5.0
CUST01368,369,1,498.64,1,1,1,111,At Risk Customers,0.0,0.33,5.0,5.0
CUST01369,28,3,1987.3700000000001,3,2,2,322,At Risk Customers,0.3333333333333333,0.19999999999999998,2.5,6.0
CUST01370,48,4,4175.42,3,3,3,333,At Risk Customers,0.0,0.1575,4.25,4.5
CUST01371,24,4,5626.71,3,3,4,334,High Value Customers,0.0,0.16999999999999998,4.0,5.0
CUST01372,132,1,366.8,2,1,1,211,At Risk Customers,1.0,0.1,3.0,7.0
CUST01373,106,1,291.54,2,1,1,211,At Risk Customers,0.0,0.6,3.0,5.0
CUST01374,149,1,282.0,2,1,1,211,At Risk Customers,0.0,0.19,5.0,3.0
CUST01375,9,5,2961.63,4,3,3,433,New Customers,0.0,0.22999999999999998,4.2,6.0
CUST01376,5,2,1173.88,4,1,1,411,New Customers,0.0,0.04,5.0,3.5
CUST01377,13,2,1222.72,4,1,1,411,New Customers,0.0,0.23500000000000001,4.0,3.0
CUST01378,178,1,348.74,2,1,1,211,At Risk Customers,0.0,0.16,4.0,1.0
CUST01379,247,1,2392.34,1,1,2,112,At Risk Customers,0.0,0.0,4.0,6.0
CUST01380,28,8,4291.17,3,4,4,344,Loyal Customers,0.0,0.3025,3.25,3.75
CUST01381,57,9,6070.99,2,4,4,244,Loyal Customers,0.0,0.23444444444444443,3.5555555555555554,3.6666666666666665
CUST01382,65,3,1589.74,2,2,2,222,At Risk Customers,0.3333333333333333,0.16666666666666666,1.6666666666666667,4.0
CUST01383,4,5,2934.6099999999997,4,3,3,433,New Customers,0.0,0.182,4.4,3.4
CUST01384,206,6,7520.42,1,4,4,144,Loyal Customers,0.16666666666666666,0.2733333333333334,4.5,4.833333333333333
CUST01385,7,6,3144.83,4,4,3,443,New Customers,0.16666666666666666,0.38166666666666665,3.0,5.0
CUST01386,25,7,7871.0,3,4,4,344,Loyal Customers,0.14285714285714285,0.24285714285714288,3.7142857142857144,3.0
CUST01387,189,7,6963.04,1,4,4,144,Loyal Customers,0.0,0.23,4.0,5.142857142857143
CUST01388,131,2,3498.38,2,1,3,213,At Risk Customers,0.0,0.305,4.5,3.0
CUST01389,52,5,3418.09,3,3,3,333,At Risk Customers,0.0,0.22800000000000004,3.6,5.0
CUST01390,4,5,4335.11,4,3,4,434,New Customers,0.0,0.128,4.2,4.4
CUST01391,27,4,4170.52,3,3,3,333,At Risk Customers,0.0,0.1975,3.5,5.25
CUST01392,40,2,2074.31,3,1,2,312,At Risk Customers,0.0,0.125,4.5,5.0
CUST01393,146,4,2203.42,2,3,2,232,At Risk Customers,0.0,0.26,3.25,5.75
CUST01394,18,6,6809.219999999999,4,4,4,444,Champions,0.0,0.36833333333333335,4.0,4.666666666666667
CUST01395,32,7,6725.89,3,4,4,344,Loyal Customers,0.0,0.31285714285714283,4.0,5.0
CUST01396,188,1,826.44,1,1,1,111,At Risk Customers,0.0,0.35,2.0,4.0
CUST01397,48,8,6615.66,3,4,4,344,Loyal Customers,0.0,0.18375,4.0,3.125
CUST01398,118,1,1672.19,2,1,2,212,At Risk Customers,1.0,0.12,1.0,2.0
CUST01399,5,9,4800.65,4,4,4,444,Champions,0.1111111111111111,0.3711111111111111,4.222222222222222,3.4444444444444446
CUST01400,195,2,863.9,1,1,1,111,At Risk Customers,0.0,0.195,3.5,4.5
CUST01401,4,3,3231.27,4,2,3,423,New Customers,0.0,0.22,3.6666666666666665,4.333333333333333
CUST01402,315,2,1474.48,1,1,2,112,At Risk Customers,0.0,0.265,3.0,6.0
CUST01403,390,4,2287.41,1,3,2,132,At Risk Customers,0.0,0.14,3.75,5.0
CUST01404,263,9,6788.52,1,4,4,144,Loyal Customers,0.1111111111111111,0.22333333333333336,4.125,4.0
CUST01405,41,4,2894.68,3,3,3,333,At Risk Customers,0.0,0.3325,4.25,3.5
CUST01406,283,5,5888.31,1,3,4,134,High Value Customers,0.0,0.21400000000000002,4.6,4.4
CUST01407,200,3,1992.79,1,2,2,122,At Risk Customers,0.0,0.18333333333333335,4.0,6.666666666666667
CUST01408,368,2,792.08,1,1,1,111,At Risk Customers,0.0,0.41000000000000003,4.5,2.0
CUST01409,24,6,3485.92,3,4,3,343,Loyal Customers,0.16666666666666666,0.36000000000000004,3.6666666666666665,4.5
CUST01410,60,9,6311.650000000001,2,4,4,244,Loyal Customers,0.0,0.39111111111111113,3.2222222222222223,4.888888888888889
CUST01411,37,7,4800.9400000000005,3,4,4,344,Loyal Customers,0.0,0.36428571428571427,4.0,3.4285714285714284
CUST01412,152,1,348.68,2,1,1,211,At Risk Customers,0.0,0.34,5.0,5.0
CUST01413,295,1,623.43,1,1,1,111,At Risk Customers,0.0,0.2,4.0,2.0
CUST01414,52,5,3205.99,3,3,3,333,At Risk Customers,0.0,0.22000000000000003,3.8,6.0
CUST01415,55,2,1153.7,3,1,1,311,At Risk Customers,0.0,0.315,4.5,4.0
CUST01416,20,7,4723.1900000000005,4,4,4,444,Champions,0.42857142857142855,0.21714285714285714,3.857142857142857,5.428571428571429
CUST01417,210,7,3650.18,1,4,3,143,Loyal Customers,0.0,0.27714285714285714,4.5,3.4285714285714284
CUST01418,237,2,1190.06,1,1,1,111,At Risk Customers,0.0,0.42500000000000004,4.0,4.0
CUST01419,52,4,2614.52,3,3,2,332,At Risk Customers,0.0,0.2875,4.25,3.5
CUST01420,7,5,4651.29,4,3,4,434,New Customers,0.0,0.324,4.4,4.4
CUST01421,107,1,1155.37,2,1,1,211,At Risk Customers,1.0,0.25,5.0,1.0
CUST01422,28,5,2562.66,3,3,2,332,At Risk Customers,0.2,0.19,3.8,3.8
CUST01423,9,4,2782.71,4,3,3,433,New Customers,0.0,0.23,2.75,3.75
CUST01424,21,2,3009.8599999999997,4,2,3,423,New Customers,0.0,0.405,4.5,5.0
CUST01425,109,1,1148.76,2,1,1,211,At Risk Customers,0.0,0.32,5.0,6.0
CUST01426,13,3,2149.37,4,2,2,422,New Customers,0.0,0.27666666666666667,3.6666666666666665,5.333333333333333
CUST01427,23,8,5054.69,4,4,4,444,Champions,0.125,0.39,3.5,5.75
CUST01428,25,3,1588.9099999999999,3,2,2,322,At Risk Customers,0.3333333333333333,0.37666666666666665,4.0,5.666666666666667
CUST01429,39,8,5236.96,3,4,4,344,Loyal Customers,0.125,0.36625,4.0,4.875
CUST01430,45,4,2702.2,3,3,3,333,At Risk Customers,0.25,0.265,4.0,6.25
CUST01431,73,2,2482.59,2,2,2,222,At Risk Customers,0.5,0.16999999999999998,3.5,4.0
CUST01432,163,3,1075.54,2,2,1,221,At Risk Customers,0.0,0.20666666666666667,3.0,3.6666666666666665
CUST01433,169,4,2386.67,2,3,2,232,At Risk Customers,0.25,0.37,3.75,5.5
CUST01434,39,7,3210.12,3,4,3,343,Loyal Customers,0.14285714285714285,0.43,3.7142857142857144,4.571428571428571
CUST01435,247,1,2210.82,1,1,2,112,At Risk Customers,0.0,0.12,5.0,4.0
CUST01436,60,3,2890.83,2,2,3,223,At Risk Customers,0.0,0.3166666666666667,4.666666666666667,4.666666666666667
CUST01437,307,5,4720.65,1,3,4,134,High Value Customers,0.2,0.196,4.4,4.8
CUST01438,218,2,2087.95,1,2,2,122,At Risk Customers,0.0,0.305,4.5,4.0
CUST01439,34,9,9011.16,3,4,4,344,Loyal Customers,0.0,0.2,4.0,5.333333333333333
CUST01440,5,7,8208.3,4,4,4,444,Champions,0.2857142857142857,0.2385714285714286,3.4285714285714284,4.285714285714286
CUST01441,383,1,472.82,1,1,1,111,At Risk Customers,0.0,0.38,4.0,4.0
CUST01442,55,5,3845.98,3,3,3,333,At Risk Customers,0.2,0.184,4.8,5.8
CUST01443,28,7,6202.36,3,4,4,344,Loyal Customers,0.0,0.26285714285714284,3.7142857142857144,4.428571428571429
CUST01444,93,2,1096.85,2,2,1,221,At Risk Customers,0.0,0.375,4.5,4.5
CUST01445,176,10,6651.53,2,4,4,244,Loyal Customers,0.1,0.316,4.1,4.9
CUST01446,193,3,2796.4,1,2,3,123,At Risk Customers,0.0,0.11,4.333333333333333,3.3333333333333335
CUST01447,11,6,3532.04,4,4,3,443,New Customers,0.16666666666666666,0.23666666666666666,3.1666666666666665,4.0
CUST01448,294,2,1268.95,1,2,1,121,At Risk Customers,0.5,0.325,4.5,6.0
CUST01449,18,3,1448.54,4,2,2,422,New Customers,0.0,0.35666666666666663,4.333333333333333,3.6666666666666665
CUST01450,187,6,3188.3,1,4,3,143,Loyal Customers,0.16666666666666666,0.2633333333333333,3.4,4.5
CUST01451,2,3,2778.46,4,2,3,423,New Customers,0.0,0.38666666666666666,4.0,5.0
CUST01452,177,4,5779.52,2,3,4,234,High Value Customers,0.0,0.205,3.5,4.5
CUST01453,143,4,4084.96,2,3,3,233,At Risk Customers,0.0,0.295,4.75,4.5
CUST01454,17,5,2872.15,4,3,3,433,New Customers,0.0,0.33999999999999997,4.2,6.4
CUST01455,396,3,1376.1200000000001,1,2,2,122,At Risk Customers,0.0,0.37000000000000005,4.333333333333333,5.0
CUST01456,13,2,1988.42,4,2,2,422,New Customers,0.0,0.175,5.0,4.5
CUST01457,309,4,4798.75,1,3,4,134,High Value Customers,0.0,0.3275,4.25,4.75
CUST01458,113,1,1462.88,2,1,2,212,At Risk Customers,0.0,0.13,4.0,1.0
CUST01459,45,7,5578.12,3,4,4,344,Loyal Customers,0.0,0.15285714285714286,3.5714285714285716,3.857142857142857
CUST01460,189,4,2187.99,1,3,2,132,At Risk Customers,0.0,0.20750000000000002,3.25,3.5
CUST01461,56,4,3000.34,3,3,3,333,At Risk Customers,0.0,0.27,3.75,4.25
CUST01462,31,3,1037.9,3,2,1,321,At Risk Customers,0.0,0.25333333333333335,4.5,4.666666666666667
CUST01463,417,2,987.71,1,2,1,121,At Risk Customers,0.5,0.3,3.5,3.0
CUST01464,35,4,4338.4,3,3,4,334,High Value Customers,0.0,0.22499999999999998,4.0,6.0
CUST01465,45,3,963.97,3,2,1,321,At Risk Customers,0.0,0.3833333333333333,3.6666666666666665,5.333333333333333
CUST01466,117,4,2864.6,2,3,3,233,At Risk Customers,0.25,0.21250000000000002,3.0,4.0
CUST01467,150,2,649.13,2,2,1,221,At Risk Customers,0.0,0.29,5.0,5.5
CUST01468,227,1,1034.31,1,1,1,111,At Risk Customers,0.0,0.38,4.0,5.0
CUST01469,19,4,2948.27,4,3,3,433,New Customers,0.0,0.1775,3.75,5.25
CUST01470,302,4,2987.34,1,3,3,133,At Risk Customers,0.0,0.325,3.5,4.0
CUST01471,138,6,3471.86,2,4,3,243,Loyal Customers,0.0,0.4066666666666667,3.6666666666666665,6.0
CUST01472,23,9,5477.46,4,4,4,444,Champions,0.0,0.3211111111111111,4.222222222222222,4.0
CUST01473,23,7,4402.66,4,4,4,444,Champions,0.0,0.24285714285714288,3.7142857142857144,4.285714285714286
CUST01474,122,2,959.29,2,2,1,221,At Risk Customers,0.5,0.205,4.5,4.5
CUST01475,175,1,650.36,2,1,1,211,At Risk Customers,0.0,0.27,5.0,8.0
CUST01476,188,3,1923.93,1,2,2,122,At Risk Customers,0.0,0.2066666666666667,4.666666666666667,4.0
CUST01477,26,7,4199.58,3,4,3,343,Loyal Customers,0.0,0.31857142857142856,3.5714285714285716,5.714285714285714
CUST01478,101,5,5291.51,2,3,4,234,High Value Customers,0.0,0.134,3.8,2.8
CUST01479,29,6,4142.6,3,4,3,343,Loyal Customers,0.0,0.35333333333333333,4.666666666666667,3.6666666666666665
CUST01480,408,1,682.11,1,1,1,111,At Risk Customers,0.0,0.06,4.0,3.0
CUST01481,183,4,3016.96,1,3,3,133,At Risk Customers,0.0,0.2375,3.25,5.5
CUST01482,219,5,5965.95,1,3,4,134,High Value Customers,0.0,0.246,4.4,4.0
CUST01483,47,9,4372.67,3,4,4,344,Loyal Customers,0.2222222222222222,0.28,2.6666666666666665,4.666666666666667
CUST01484,172,3,1606.77,2,2,2,222,At Risk Customers,0.0,0.27,3.5,3.0
CUST01485,130,3,2973.96,2,2,3,223,At Risk Customers,0.3333333333333333,0.20000000000000004,3.3333333333333335,3.3333333333333335
CUST01486,109,1,770.52,2,1,1,211,At Risk Customers,0.0,0.23,4.0,4.0
CUST01487,293,5,2548.9700000000003,1,3,2,132,At Risk Customers,0.2,0.33599999999999997,4.2,5.0
CUST01488,94,6,2851.24,2,4,3,243,Loyal Customers,0.16666666666666666,0.33,4.0,4.166666666666667
CUST01489,25,6,6069.19,3,4,4,344,Loyal Customers,0.0,0.24333333333333332,3.8333333333333335,4.833333333333333
CUST01490,183,7,5285.2,1,4,4,144,Loyal Customers,0.14285714285714285,0.25,3.7142857142857144,2.7142857142857144
CUST01491,53,5,5704.9,3,3,4,334,High Value Customers,0.0,0.184,4.0,4.2
CUST01492,9,5,5850.42,4,3,4,434,New Customers,0.6,0.11599999999999999,4.2,4.6
CUST01493,43,3,2016.38,3,2,2,322,At Risk Customers,0.0,0.20333333333333334,4.333333333333333,3.3333333333333335
CUST01494,326,4,1888.54,1,3,2,132,At Risk Customers,0.0,0.3825,5.0,4.0
CUST01495,38,7,4320.469999999999,3,4,4,344,Loyal Customers,0.0,0.25142857142857145,4.571428571428571,4.714285714285714
CUST01496,16,2,1574.18,4,2,2,422,New Customers,0.0,0.42500000000000004,4.0,3.5
CUST01497,20,6,3879.41,4,4,3,443,New Customers,0.3333333333333333,0.3566666666666667,4.166666666666667,3.8333333333333335
CUST01498,31,8,5154.349999999999,3,4,4,344,Loyal Customers,0.125,0.1925,4.125,5.875
CUST01499,194,5,4317.6,1,3,4,134,High Value Customers,0.0,0.27799999999999997,3.8,3.0
CUST01500,23,6,4081.71,4,4,3,443,New Customers,0.0,0.27499999999999997,3.4,4.166666666666667
CUST01501,127,2,646.4300000000001,2,2,1,221,At Risk Customers,0.0,0.51,4.0,9.5
CUST01502,58,3,1698.54,2,2,2,222,At Risk Customers,0.3333333333333333,0.24333333333333332,4.0,3.3333333333333335
CUST01503,151,4,2509.01,2,3,2,232,At Risk Customers,0.25,0.23249999999999998,3.75,3.0
CUST01504,213,3,1436.96,1,2,2,122,At Risk Customers,0.3333333333333333,0.31666666666666665,4.0,4.0
CUST01505,58,2,1100.77,2,2,1,221,At Risk Customers,0.0,0.29500000000000004,5.0,5.0
CUST01506,201,4,2676.48,1,3,3,133,At Risk Customers,0.0,0.235,4.25,4.0
CUST01507,186,5,4142.6,1,3,3,133,At Risk Customers,0.2,0.26,2.6,5.0
CUST01508,26,2,1347.03,3,2,1,321,At Risk Customers,0.0,0.24,4.0,5.0
CUST01509,40,5,2921.37,3,3,3,333,At Risk Customers,0.2,0.32399999999999995,3.4,5.0
CUST01510,193,2,1667.1,1,2,2,122,At Risk Customers,0.0,0.315,2.5,1.5
CUST01511,53,5,4446.95,3,3,4,334,High Value Customers,0.0,0.136,4.0,5.0
CUST01512,7,9,7963.07,4,4,4,444,Champions,0.0,0.31,4.222222222222222,4.222222222222222
CUST01513,192,1,1062.28,1,1,1,111,At Risk Customers,0.0,0.41,3.0,7.0
CUST01514,5,4,1891.2,4,3,2,432,New Customers,0.0,0.225,4.25,2.0
CUST01515,38,7,5880.29,3,4,4,344,Loyal Customers,0.0,0.23285714285714287,4.0,4.857142857142857
CUST01516,233,1,421.68,1,1,1,111,At Risk Customers,0.0,0.41,4.0,6.0
CUST01517,148,4,1921.46,2,3,2,232,At Risk Customers,0.25,0.2825,3.25,3.5
CUST01518,546,1,569.86,1,1,1,111,At Risk Customers,0.0,0.26,5.0,2.0
CUST01519,39,6,5143.28,3,4,4,344,Loyal Customers,0.0,0.21833333333333335,4.166666666666667,4.0
CUST01520,17,2,921.8499999999999,4,2,1,421,New Customers,0.0,0.12,4.5,5.0
CUST01521,14,3,1626.35,4,2,2,422,New Customers,0.0,0.16666666666666666,3.6666666666666665,4.666666666666667
CUST01522,129,1,882.29,2,1,1,211,At Risk Customers,0.0,0.33,5.0,7.0
CUST01523,35,6,4534.55,3,4,4,344,Loyal Customers,0.16666666666666666,0.3566666666666667,4.333333333333333,3.8333333333333335
CUST01524,34,2,2947.84,3,2,3,323,At Risk Customers,0.0,0.04,3.0,7.5
CUST01525,11,5,2503.9199999999996,4,3,2,432,New Customers,0.0,0.3,2.4,5.2
CUST01526,20,5,4209.43,4,3,3,433,New Customers,0.2,0.248,4.4,5.0
CUST01527,387,3,2802.84,1,2,3,123,At Risk Customers,0.0,0.36333333333333334,4.333333333333333,4.0
CUST01528,166,1,424.84,2,1,1,211,At Risk Customers,0.0,0.55,4.0,1.0
CUST01529,255,1,1455.91,1,1,2,112,At Risk Customers,0.0,0.28,4.0,7.0
CUST01530,243,5,4146.860000000001,1,3,3,133,At Risk Customers,0.2,0.28200000000000003,4.0,3.4
CUST01531,283,2,1077.94,1,2,1,121,At Risk Customers,0.5,0.37,2.0,6.0
CUST01532,220,6,2788.44,1,4,3,143,Loyal Customers,0.0,0.23666666666666666,3.6666666666666665,4.333333333333333
CUST01533,228,1,697.43,1,1,1,111,At Risk Customers,0.0,0.21,4.0,4.0
CUST01534,10,4,2557.49,4,3,2,432,New Customers,0.0,0.2275,4.25,5.75
CUST01535,59,9,3967.66,2,4,3,243,Loyal Customers,0.2222222222222222,0.3488888888888889,3.6666666666666665,5.555555555555555
CUST01536,27,2,1335.29,3,2,1,321,At Risk Customers,0.0,0.385,4.0,6.5
CUST01537,184,1,355.81,1,1,1,111,At Risk Customers,0.0,0.32,1.0,3.0
CUST01538,12,2,811.26,4,2,1,421,New Customers,0.0,0.345,3.0,6.5
CUST01539,219,1,643.65,1,1,1,111,At Risk Customers,0.0,0.27,4.0,6.0
CUST01540,256,3,2546.85,1,2,2,122,At Risk Customers,0.3333333333333333,0.36333333333333334,3.6666666666666665,4.0
CUST01541,1,2,962.55,4,2,1,421,New Customers,0.0,0.32999999999999996,4.5,4.5
CUST01542,17,4,2775.17,4,3,3,433,New Customers,0.25,0.33499999999999996,3.75,4.75
CUST01543,192,1,1270.64,1,1,1,111,At Risk Customers,0.0,0.3,5.0,5.0
CUST01544,33,11,6887.0,3,4,4,344,Loyal Customers,0.2727272727272727,0.3718181818181818,4.090909090909091,4.909090909090909
CUST01545,167,2,1091.81,2,2,1,221,At Risk Customers,0.0,0.315,2.5,4.5
CUST01546,10,6,2958.95,4,4,3,443,New Customers,0.0,0.3566666666666667,3.8333333333333335,4.166666666666667
CUST01547,160,9,7802.05,2,4,4,244,Loyal Customers,0.1111111111111111,0.19666666666666666,3.5555555555555554,3.5555555555555554
CUST01548,40,7,3574.6,3,4,3,343,Loyal Customers,0.14285714285714285,0.30142857142857143,3.5714285714285716,4.428571428571429
CUST01549,228,3,3126.75,1,2,3,123,At Risk Customers,0.0,0.19666666666666666,4.0,4.666666666666667
CUST01550,170,4,1841.6,2,3,2,232,At Risk Customers,0.0,0.27,4.25,5.0
CUST01551,45,2,1853.7799999999997,3,2,2,322,At Risk Customers,0.0,0.32999999999999996,2.5,3.5
CUST01552,169,5,2594.91,2,3,2,232,At Risk Customers,0.0,0.296,3.2,4.4
CUST01553,214,1,381.8,1,1,1,111,At Risk Customers,0.0,0.25,4.0,7.0
CUST01554,13,5,4601.29,4,3,4,434,New Customers,0.0,0.242,4.0,4.2
CUST01555,16,4,2401.76,4,3,2,432,New Customers,0.0,0.2275,4.0,5.25
CUST01556,38,5,3783.21,3,3,3,333,At Risk Customers,0.0,0.22400000000000003,3.8,5.0
CUST01557,49,4,1918.1799999999998,3,3,2,332,At Risk Customers,0.0,0.195,3.75,5.25
CUST01558,271,3,2406.87,1,2,2,122,At Risk Customers,0.0,0.3,4.333333333333333,2.6666666666666665
CUST01559,154,8,5817.8,2,4,4,244,Loyal Customers,0.125,0.28375,4.25,3.875
CUST01560,22,5,3607.51,4,3,3,433,New Customers,0.2,0.28200000000000003,3.8,3.8
CUST01561,214,1,567.89,1,1,1,111,At Risk Customers,0.0,0.21,4.0,5.0
CUST01562,50,4,2620.94,3,3,2,332,At Risk Customers,0.25,0.265,4.0,4.25
CUST01563,81,2,1279.74,2,2,1,221,At Risk Customers,0.5,0.07,5.0,4.0
CUST01564,297,2,1155.5900000000001,1,2,1,121,At Risk Customers,0.0,0.32999999999999996,2.5,4.0
CUST01565,26,4,3451.03,3,3,3,333,At Risk Customers,0.0,0.15,4.75,3.75
CUST01566,46,2,2075.66,3,2,2,322,At Risk Customers,0.0,0.285,3.5,5.0
CUST01567,406,2,1423.0500000000002,1,2,2,122,At Risk Customers,0.0,0.19,4.5,5.0
CUST01568,239,2,1002.8800000000001,1,2,1,121,At Risk Customers,0.0,0.315,3.5,6.0
CUST01569,17,6,4032.73,4,4,3,443,New Customers,0.0,0.225,3.6666666666666665,4.666666666666667
CUST01570,205,2,551.3299999999999,1,2,1,121,At Risk Customers,0.0,0.41000000000000003,4.5,4.5
CUST01571,314,5,4663.12,1,3,4,134,High Value Customers,0.0,0.352,4.0,5.8
CUST01572,288,1,1048.29,1,1,1,111,At Risk Customers,0.0,0.31,2.0,5.0
CUST01573,14,8,6524.17,4,4,4,444,Champions,0.0,0.27,4.25,5.75
CUST01574,222,3,2673.15,1,2,3,123,At Risk Customers,0.0,0.31,4.666666666666667,5.666666666666667
CUST01575,226,3,4439.9800000000005,1,2,4,124,High Value Customers,0.0,0.16333333333333333,3.6666666666666665,4.0
CUST01576,143,2,2235.15,2,2,2,222,At Risk Customers,0.5,0.275,2.0,3.0
CUST01577,168,1,343.71,2,1,1,211,At Risk Customers,1.0,0.42,4.0,8.0
CUST01578,10,2,2673.95,4,2,3,423,New Customers,0.0,0.105,5.0,5.5
CUST01579,106,8,6050.82,2,4,4,244,Loyal Customers,0.0,0.2625,3.625,3.625
CUST01580,57,3,1994.2,2,2,2,222,At Risk Customers,0.0,0.26,4.0,4.333333333333333
CUST01581,6,14,10443.380000000001,4,4,4,444,Champions,0.14285714285714285,0.2557142857142857,4.142857142857143,4.642857142857143
CUST01582,3,8,4731.45,4,4,4,444,Champions,0.25,0.28,3.6666666666666665,4.625
CUST01583,322,3,1979.92,1,2,2,122,At Risk Customers,0.0,0.33666666666666667,3.6666666666666665,2.6666666666666665
CUST01584,33,6,10939.56,3,4,4,344,Loyal Customers,0.0,0.29,4.166666666666667,3.8333333333333335
CUST01585,84,1,327.29,2,1,1,211,At Risk Customers,0.0,0.32,3.0,6.0
CUST01586,38,2,2246.2200000000003,3,2,2,322,At Risk Customers,0.0,0.195,4.5,6.0
CUST01587,190,5,3345.9300000000003,1,3,3,133,At Risk Customers,0.2,0.314,3.6,6.4
CUST01588,206,4,3378.07,1,3,3,133,At Risk Customers,0.0,0.1775,4.25,4.25
CUST01589,208,2,883.23,1,2,1,121,At Risk Customers,0.0,0.26,4.5,6.0
CUST01590,190,2,1250.94,1,2,1,121,At Risk Customers,0.0,0.19,4.5,3.0
CUST01591,197,3,2829.57,1,2,3,123,At Risk Customers,0.3333333333333333,0.23666666666666666,2.3333333333333335,4.333333333333333
CUST01592,19,2,909.89,4,2,1,421,New Customers,0.5,0.22,3.0,4.0
CUST01593,91,1,675.24,2,1,1,211,At Risk Customers,0.0,0.24,4.0,6.0
CUST01594,13,6,3131.56,4,4,3,443,New Customers,0.16666666666666666,0.25666666666666665,4.0,4.666666666666667
CUST01595,33,4,1975.6599999999999,3,3,2,332,At Risk Customers,0.0,0.3125,4.5,4.75
CUST01596,21,7,5339.889999999999,4,4,4,444,Champions,0.14285714285714285,0.27714285714285714,4.0,3.857142857142857
CUST01597,51,7,3606.2200000000003,3,4,3,343,Loyal Customers,0.14285714285714285,0.3457142857142857,3.7142857142857144,5.285714285714286
CUST01598,17,4,1821.96,4,3,2,432,New Customers,0.0,0.215,4.5,2.75
CUST01599,143,3,1748.0800000000002,2,2,2,222,At Risk Customers,0.0,0.18333333333333335,4.333333333333333,3.3333333333333335
CUST01600,61,1,657.78,2,1,1,211,At Risk Customers,0.0,0.43,5.0,4.0
CUST01601,51,7,6554.65,3,4,4,344,Loyal Customers,0.0,0.2942857142857143,4.714285714285714,4.571428571428571
CUST01602,12,5,3517.8100000000004,4,3,3,433,New Customers,0.0,0.366,4.2,5.6
CUST01603,227,4,2882.1099999999997,1,3,3,133,At Risk Customers,0.25,0.1875,3.75,4.25
CUST01604,39,7,2918.56,3,4,3,343,Loyal Customers,0.0,0.32,3.857142857142857,4.714285714285714
CUST01605,54,2,1483.0,3,2,2,322,At Risk Customers,0.0,0.275,5.0,5.0
CUST01606,241,1,282.09,1,1,1,111,At Risk Customers,0.0,0.45,2.0,3.0
CUST01607,216,1,1515.3,1,1,2,112,At Risk Customers,0.0,0.23,4.0,2.0
CUST01608,5,4,2151.46,4,3,2,432,New Customers,0.0,0.335,3.5,3.75
CUST01609,130,3,1380.23,2,2,2,222,At Risk Customers,0.0,0.4066666666666667,3.6666666666666665,5.333333333333333
CUST01610,8,6,4365.28,4,4,4,444,Champions,0.16666666666666666,0.2816666666666667,4.5,4.5
CUST01611,33,7,3432.4,3,4,3,343,Loyal Customers,0.0,0.3485714285714286,4.571428571428571,5.571428571428571
CUST01612,344,1,725.09,1,1,1,111,At Risk Customers,0.0,0.43,1.0,4.0
CUST01613,316,2,1983.37,1,2,2,122,At Risk Customers,0.0,0.16,3.0,4.0
CUST01614,17,12,7790.98,4,4,4,444,Champions,0.08333333333333333,0.2808333333333333,4.416666666666667,4.833333333333333
CUST01615,41,4,2580.1400000000003,3,3,2,332,At Risk Customers,0.0,0.27,2.75,3.5
CUST01616,221,6,4472.110000000001,1,4,4,144,Loyal Customers,0.16666666666666666,0.3216666666666667,3.3333333333333335,4.833333333333333
CUST01617,132,4,3694.23,2,3,3,233,At Risk Customers,0.25,0.2525,3.25,4.25
CUST01618,145,6,4011.61,2,4,3,243,Loyal Customers,0.0,0.215,4.0,4.166666666666667
CUST01619,24,5,3063.82,3,3,3,333,At Risk Customers,0.0,0.33199999999999996,4.6,4.4
CUST01620,38,7,4320.45,3,4,4,344,Loyal Customers,0.14285714285714285,0.2542857142857143,4.142857142857143,4.857142857142857
CUST01621,5,9,5149.33,4,4,4,444,Champions,0.0,0.24777777777777776,3.3333333333333335,4.555555555555555
CUST01622,48,8,4147.12,3,4,3,343,Loyal Customers,0.0,0.26125000000000004,3.5,4.75
CUST01623,420,2,1834.9099999999999,1,2,2,122,At Risk Customers,0.0,0.32,4.0,3.5
CUST01624,53,6,3439.3,3,4,3,343,Loyal Customers,0.3333333333333333,0.2333333333333333,3.8333333333333335,4.333333333333333
CUST01625,60,4,2731.9700000000003,2,3,3,233,At Risk Customers,0.0,0.2475,4.5,3.25
CUST01626,89,4,2267.6099999999997,2,3,2,232,At Risk Customers,0.0,0.34750000000000003,3.75,2.5
CUST01627,356,4,2804.23,1,3,3,133,At Risk Customers,0.0,0.34750000000000003,4.25,2.5
CUST01628,241,3,1760.35,1,2,2,122,At Risk Customers,0.3333333333333333,0.3433333333333333,3.6666666666666665,4.333333333333333
CUST01629,142,2,1120.0,2,2,1,221,At Risk Customers,0.0,0.295,4.0,3.5
CUST01630,5,10,8489.73,4,4,4,444,Champions,0.1,0.22400000000000003,4.4,4.9
CUST01631,53,7,5285.04,3,4,4,344,Loyal Customers,0.0,0.25,4.0,4.428571428571429
CUST01632,67,1,1472.62,2,1,2,212,At Risk Customers,0.0,0.33,3.0,6.0
CUST01633,42,5,2081.99,3,3,2,332,At Risk Customers,0.0,0.32,4.2,5.2
CUST01634,101,1,668.05,2,1,1,211,At Risk Customers,0.0,0.4,1.0,5.0
CUST01635,49,6,4313.25,3,4,4,344,Loyal Customers,0.3333333333333333,0.22166666666666668,2.0,4.333333333333333
CUST01636,3,4,2885.52,4,3,3,433,New Customers,0.25,0.32,4.25,3.0
CUST01637,54,11,7075.92,3,4,4,344,Loyal Customers,0.09090909090909091,0.2945454545454545,4.090909090909091,5.545454545454546
CUST01638,1,8,5077.9,4,4,4,444,Champions,0.0,0.34625,4.0,3.25
CUST01639,227,2,2292.2200000000003,1,2,2,122,At Risk Customers,0.0,0.065,3.5,3.5
CUST01640,166,1,464.57,2,1,1,211,At Risk Customers,0.0,0.35,4.0,5.0
CUST01641,14,6,4815.66,4,4,4,444,Champions,0.0,0.24166666666666667,4.333333333333333,3.6666666666666665
CUST01642,35,6,5216.96,3,4,4,344,Loyal Customers,0.0,0.26499999999999996,3.8333333333333335,4.5
CUST01643,243,5,3485.7299999999996,1,3,3,133,At Risk Customers,0.0,0.276,2.8,2.8
CUST01644,179,8,5024.66,2,4,4,244,Loyal Customers,0.125,0.19375,3.875,5.625
CUST01645,10,6,3999.9,4,4,3,443,New Customers,0.0,0.23333333333333336,4.166666666666667,4.333333333333333
CUST01646,37,9,5389.26,3,4,4,344,Loyal Customers,0.1111111111111111,0.2588888888888889,3.6666666666666665,4.222222222222222
CUST01647,32,7,6464.3099999999995,3,4,4,344,Loyal Customers,0.0,0.21428571428571427,3.7142857142857144,4.285714285714286
CUST01648,16,2,1174.65,4,2,1,421,New Customers,0.0,0.25,4.5,2.5
CUST01649,304,1,376.88,1,1,1,111,At Risk Customers,0.0,0.21,1.0,3.0
CUST01650,24,2,2187.6,3,2,2,322,At Risk Customers,0.0,0.41,4.0,5.0
CUST01651,148,3,2543.79,2,2,2,222,At Risk Customers,0.0,0.26333333333333336,5.0,4.666666666666667
CUST01652,56,7,4915.62,3,4,4,344,Loyal Customers,0.2857142857142857,0.26,3.7142857142857144,5.142857142857143
CUST01653,148,3,2168.75,2,2,2,222,At Risk Customers,0.0,0.23333333333333336,5.0,1.6666666666666667
CUST01654,54,2,1618.19,3,2,2,322,At Risk Customers,0.0,0.28500000000000003,4.5,4.0
CUST01655,74,8,7066.74,2,4,4,244,Loyal Customers,0.0,0.11625,4.0,4.5
CUST01656,9,9,5263.7300000000005,4,4,4,444,Champions,0.2222222222222222,0.20444444444444446,2.6666666666666665,3.2222222222222223
CUST01657,389,1,149.0,1,1,1,111,At Risk Customers,0.0,0.39,4.0,4.0
CUST01658,6,9,8066.37,4,4,4,444,Champions,0.0,0.22111111111111112,3.4444444444444446,3.5555555555555554
CUST01659,12,3,1750.44,4,2,2,422,New Customers,0.0,0.2333333333333333,4.666666666666667,3.6666666666666665
CUST01660,46,9,8594.48,3,4,4,344,Loyal Customers,0.1111111111111111,0.2733333333333333,4.222222222222222,5.333333333333333
CUST01661,215,2,826.76,1,2,1,121,At Risk Customers,0.5,0.365,4.0,6.0
CUST01662,94,3,2215.29,2,2,2,222,At Risk Customers,0.0,0.27999999999999997,4.333333333333333,4.666666666666667
CUST01663,31,8,6761.96,3,4,4,344,Loyal Customers,0.125,0.23625000000000002,3.625,4.625
CUST01664,136,3,2080.54,2,2,2,222,At Risk Customers,0.0,0.37000000000000005,4.0,4.666666666666667
CUST01665,136,1,335.28,2,1,1,211,At Risk Customers,0.0,0.18,1.0,6.0
CUST01666,379,5,4392.38,1,3,4,134,High Value Customers,0.0,0.246,4.2,4.2
CUST01667,197,2,1307.77,1,2,1,121,At Risk Customers,0.0,0.36,4.0,3.5
CUST01668,167,8,5325.84,2,4,4,244,Loyal Customers,0.0,0.4125,4.0,4.5
CUST01669,204,2,1801.98,1,2,2,122,At Risk Customers,0.0,0.30000000000000004,5.0,2.5
CUST01670,46,3,2794.54,3,2,3,323,At Risk Customers,0.0,0.3433333333333333,4.0,4.666666666666667
CUST01671,57,6,5213.54,2,4,4,244,Loyal Customers,0.16666666666666666,0.34833333333333333,3.8333333333333335,4.166666666666667
CUST01672,90,5,2937.06,2,3,3,233,At Risk Customers,0.0,0.266,3.8,4.8
CUST01673,13,3,3125.58,4,2,3,423,New Customers,0.0,0.19999999999999998,4.0,4.333333333333333
CUST01674,3,6,3081.0099999999998,4,4,3,443,New Customers,0.16666666666666666,0.245,4.666666666666667,3.8333333333333335
CUST01675,193,2,1309.95,1,2,1,121,At Risk Customers,0.0,0.29,1.0,5.0
CUST01676,194,3,1460.8000000000002,1,2,2,122,At Risk Customers,0.0,0.16333333333333333,4.333333333333333,3.3333333333333335
CUST01677,24,9,4880.6,3,4,4,344,Loyal Customers,0.1111111111111111,0.24555555555555555,4.0,4.666666666666667
CUST01678,31,7,4519.16,3,4,4,344,Loyal Customers,0.0,0.24428571428571427,3.5714285714285716,4.285714285714286
CUST01679,90,4,2798.27,2,3,3,233,At Risk Customers,0.0,0.27,4.25,3.25
CUST01680,33,2,3278.2,3,2,3,323,At Risk Customers,0.0,0.155,4.5,5.0
CUST01681,55,5,3861.42,3,3,3,333,At Risk Customers,0.0,0.21400000000000002,3.4,4.0
CUST01682,288,5,1999.79,1,3,2,132,At Risk Customers,0.0,0.272,4.4,5.0
CUST01683,32,6,7342.29,3,4,4,344,Loyal Customers,0.0,0.25666666666666665,4.0,5.166666666666667
CUST01684,23,5,4623.66,4,3,4,434,New Customers,0.0,0.21000000000000002,4.2,5.8
CUST01685,339,6,3081.38,1,4,3,143,Loyal Customers,0.16666666666666666,0.29333333333333333,4.0,4.0
CUST01686,199,1,699.98,1,1,1,111,At Risk Customers,0.0,0.0,5.0,4.0
CUST01687,142,5,2765.61,2,3,3,233,At Risk Customers,0.0,0.236,4.2,4.6
CUST01688,191,4,4056.68,1,3,3,133,At Risk Customers,0.0,0.3275,3.75,5.5
CUST01689,123,4,2918.12,2,3,3,233,At Risk Customers,0.25,0.4475,4.25,4.0
CUST01690,131,4,3930.82,2,3,3,233,At Risk Customers,0.5,0.4225,4.0,3.0
CUST01691,150,1,591.46,2,1,1,211,At Risk Customers,1.0,0.31,4.0,5.0
CUST01692,237,7,4276.32,1,4,4,144,Loyal Customers,0.2857142857142857,0.39,4.428571428571429,4.285714285714286
CUST01693,22,2,994.37,4,2,1,421,New Customers,0.0,0.195,4.0,3.5
CUST01694,99,1,759.46,2,1,1,211,At Risk Customers,0.0,0.43,5.0,3.0
CUST01695,39,5,2439.2,3,3,2,332,At Risk Customers,0.0,0.27599999999999997,4.0,4.2
CUST01696,188,2,1047.8,1,2,1,121,At Risk Customers,0.0,0.33,3.5,4.5
CUST01697,31,4,3156.29,3,3,3,333,At Risk Customers,0.0,0.265,4.0,4.75
CUST01698,48,10,9449.57,3,4,4,344,Loyal Customers,0.2,0.31799999999999995,3.3,4.4
CUST01699,303,6,3095.45,1,4,3,143,Loyal Customers,0.0,0.3333333333333333,3.1666666666666665,4.833333333333333
CUST01700,67,3,2536.5,2,2,2,222,At Risk Customers,0.0,0.32,3.6666666666666665,4.666666666666667
CUST01701,75,1,388.29,2,1,1,211,At Risk Customers,0.0,0.34,4.0,4.0
CUST01702,270,3,2444.42,1,2,2,122,At Risk Customers,0.0,0.18333333333333335,5.0,4.0
CUST01703,49,3,2492.7200000000003,3,2,2,322,At Risk Customers,0.0,0.17666666666666667,4.333333333333333,5.0
CUST01704,24,2,1371.96,3,2,2,322,At Risk Customers,0.0,0.14500000000000002,5.0,4.5
CUST01705,29,4,2470.94,3,3,2,332,At Risk Customers,0.0,0.2325,4.25,5.25
CUST01706,33,8,5035.05,3,4,4,344,Loyal Customers,0.0,0.27375,4.0,3.875
CUST01707,6,3,2140.2200000000003,4,2,2,422,New Customers,0.0,0.31,3.6666666666666665,1.6666666666666667
CUST01708,12,4,2083.07,4,3,2,432,New Customers,0.0,0.35000000000000003,2.5,4.25
CUST01709,218,3,1524.54,1,2,2,122,At Risk Customers,0.0,0.3666666666666667,3.3333333333333335,4.666666666666667
CUST01710,29,4,2030.26,3,3,2,332,At Risk Customers,0.25,0.3625,3.75,4.25
CUST01711,22,6,3154.94,4,4,3,443,New Customers,0.0,0.21333333333333335,3.1666666666666665,4.5
CUST01712,20,2,1445.64,4,2,2,422,New Customers,0.0,0.33499999999999996,2.5,4.5
CUST01713,102,7,5539.05,2,4,4,244,Loyal Customers,0.2857142857142857,0.17142857142857143,3.142857142857143,3.857142857142857
CUST01714,193,8,7387.29,1,4,4,144,Loyal Customers,0.0,0.32125000000000004,4.375,4.375
CUST01715,182,4,2342.73,1,3,2,132,At Risk Customers,0.0,0.3275,3.5,3.0
CUST01716,49,4,3155.1400000000003,3,3,3,333,At Risk Customers,0.25,0.2475,5.0,5.5
CUST01717,5,6,6178.63,4,4,4,444,Champions,0.0,0.325,4.333333333333333,4.833333333333333
CUST01718,59,13,7038.5,2,4,4,244,Loyal Customers,0.23076923076923078,0.3423076923076923,3.4615384615384617,3.769230769230769
CUST01719,209,4,2725.06,1,3,3,133,At Risk Customers,0.0,0.215,3.25,3.0
CUST01720,50,4,1688.8,3,3,2,332,At Risk Customers,0.0,0.4325,3.5,5.0
CUST01721,99,1,617.29,2,1,1,211,At Risk Customers,0.0,0.26,3.0,6.0
CUST01722,120,1,359.06,2,1,1,211,At Risk Customers,0.0,0.14,5.0,6.0
CUST01723,56,7,8375.310000000001,3,4,4,344,Loyal Customers,0.0,0.26142857142857145,4.428571428571429,5.285714285714286
CUST01724,100,2,1680.71,2,2,2,222,At Risk Customers,0.0,0.31,4.0,4.5
CUST01725,105,1,632.03,2,1,1,211,At Risk Customers,0.0,0.24,5.0,8.0
CUST01726,9,2,2310.06,4,2,2,422,New Customers,0.0,0.265,3.5,5.5
CUST01727,3,6,2844.76,4,4,3,443,New Customers,0.0,0.31833333333333336,3.8333333333333335,3.3333333333333335
CUST01728,18,3,1677.62,4,2,2,422,New Customers,0.0,0.16,3.6666666666666665,5.333333333333333
CUST01729,44,3,2641.76,3,2,3,323,At Risk Customers,0.3333333333333333,0.33,3.3333333333333335,5.666666666666667
CUST01730,181,7,5329.4400000000005,1,4,4,144,Loyal Customers,0.14285714285714285,0.40714285714285714,4.571428571428571,4.571428571428571
CUST01731,163,4,2888.49,2,3,3,233,At Risk Customers,0.0,0.2675,4.25,4.25
CUST01732,18,9,9678.22,4,4,4,444,Champions,0.0,0.26,4.222222222222222,4.555555555555555
CUST01733,153,4,2532.24,2,3,2,232,At Risk Customers,0.75,0.22,3.25,5.25
CUST01734,221,5,5871.23,1,3,4,134,High Value Customers,0.0,0.22200000000000003,3.8,5.6
CUST01735,122,2,1287.08,2,2,1,221,At Risk Customers,0.5,0.215,2.5,5.0
CUST01736,25,7,5234.81,3,4,4,344,Loyal Customers,0.14285714285714285,0.2814285714285714,4.333333333333333,6.714285714285714
CUST01737,1,2,1159.58,4,2,1,421,New Customers,0.0,0.26,5.0,5.5
CUST01738,36,6,4789.29,3,4,4,344,Loyal Customers,0.0,0.30833333333333335,3.0,4.0
CUST01739,51,3,1071.46,3,2,1,321,At Risk Customers,0.0,0.3466666666666667,5.0,4.333333333333333
CUST01740,60,2,1138.43,2,2,1,221,At Risk Customers,0.0,0.255,4.5,3.5
CUST01741,39,8,7503.84,3,4,4,344,Loyal Customers,0.0,0.29125,4.375,4.0
CUST01742,191,6,3970.62,1,4,3,143,Loyal Customers,0.16666666666666666,0.21333333333333335,2.8333333333333335,3.6666666666666665
CUST01743,58,4,1735.96,2,3,2,232,At Risk Customers,0.0,0.2875,4.0,4.75
CUST01744,5,2,2040.38,4,2,2,422,New Customers,0.0,0.185,2.5,4.5
CUST01745,265,2,806.46,1,2,1,121,At Risk Customers,0.0,0.52,5.0,2.5
CUST01746,300,4,2960.62,1,3,3,133,At Risk Customers,0.0,0.3525,4.0,5.25
CUST01747,6,2,2103.41,4,2,2,422,New Customers,0.0,0.22999999999999998,2.5,6.5
CUST01748,97,1,150.03,2,1,1,211,At Risk Customers,0.0,0.58,4.0,6.0
CUST01749,251,2,1709.8200000000002,1,2,2,122,At Risk Customers,0.0,0.345,4.0,6.0
CUST01750,198,1,556.93,1,1,1,111,At Risk Customers,0.0,0.42,5.0,5.0
CUST01751,28,2,977.3,3,2,1,321,At Risk Customers,0.0,0.21,2.5,5.5
CUST01752,232,1,516.34,1,1,1,111,At Risk Customers,0.0,0.3,5.0,1.0
CUST01753,54,3,2669.68,3,2,3,323,At Risk Customers,0.0,0.18000000000000002,3.6666666666666665,4.333333333333333
CUST01754,34,3,1185.93,3,2,1,321,At Risk Customers,0.0,0.2733333333333334,4.0,5.666666666666667
CUST01755,213,6,3652.4,1,4,3,143,Loyal Customers,0.16666666666666666,0.17833333333333334,3.6,4.166666666666667
CUST01756,49,8,7136.14,3,4,4,344,Loyal Customers,0.0,0.25,4.142857142857143,4.375
CUST01757,228,2,1856.03,1,2,2,122,At Risk Customers,0.0,0.115,4.0,3.5
CUST01758,139,1,411.88,2,1,1,211,At Risk Customers,0.0,0.33,4.0,6.0
CUST01759,150,2,1973.57,2,2,2,222,At Risk Customers,0.0,0.38,5.0,3.5
CUST01760,16,9,7551.53,4,4,4,444,Champions,0.0,0.2122222222222222,3.3333333333333335,5.111111111111111
CUST01761,15,14,9392.04,4,4,4,444,Champions,0.07142857142857142,0.30142857142857143,3.7857142857142856,4.5
CUST01762,31,9,6813.1,3,4,4,344,Loyal Customers,0.0,0.3066666666666667,4.0,4.111111111111111
CUST01763,69,1,705.53,2,1,1,211,At Risk Customers,1.0,0.0,3.0,3.0
CUST01764,106,3,1471.8400000000001,2,2,2,222,At Risk Customers,0.0,0.33666666666666667,3.6666666666666665,1.6666666666666667
CUST01765,326,2,1739.8,1,2,2,122,At Risk Customers,0.0,0.195,4.5,5.5
CUST01766,224,1,561.64,1,1,1,111,At Risk Customers,0.0,0.22,5.0,3.0
CUST01767,206,3,1605.14,1,2,2,122,At Risk Customers,0.0,0.31,4.0,6.333333333333333
CUST01768,7,8,6118.25,4,4,4,444,Champions,0.125,0.185,2.625,4.0
CUST01769,22,6,6843.43,4,4,4,444,Champions,0.16666666666666666,0.19333333333333336,4.333333333333333,4.333333333333333
CUST01770,119,3,1327.79,2,2,1,221,At Risk Customers,0.3333333333333333,0.24,2.6666666666666665,6.666666666666667
CUST01771,21,5,3660.56,4,3,3,433,New Customers,0.0,0.186,4.4,4.0
CUST01772,315,2,1751.38,1,2,2,122,At Risk Customers,0.0,0.28,4.5,3.5
CUST01773,257,5,4845.14,1,3,4,134,High Value Customers,0.0,0.152,3.0,4.2
CUST01774,213,6,3826.09,1,4,3,143,Loyal Customers,0.3333333333333333,0.3333333333333333,3.5,5.166666666666667
CUST01775,43,3,2670.2,3,2,3,323,At Risk Customers,0.0,0.10999999999999999,4.5,6.0
CUST01776,140,2,2686.35,2,2,3,223,At Risk Customers,0.0,0.28500000000000003,3.0,4.5
CUST01777,228,5,3035.66,1,3,3,133,At Risk Customers,0.2,0.294,4.0,3.6
CUST01778,148,1,512.32,2,1,1,211,At Risk Customers,0.0,0.24,4.0,3.0
CUST01779,228,4,3408.21,1,3,3,133,At Risk Customers,0.0,0.2025,3.75,5.5
CUST01780,20,4,3247.38,4,3,3,433,New Customers,0.0,0.3,3.25,4.25
CUST01781,302,1,1360.78,1,1,1,111,At Risk Customers,0.0,0.43,3.0,5.0
CUST01782,198,7,4334.56,1,4,4,144,Loyal Customers,0.0,0.3457142857142857,3.6666666666666665,5.142857142857143
CUST01783,55,6,4242.639999999999,3,4,3,343,Loyal Customers,0.16666666666666666,0.21166666666666667,3.1666666666666665,4.166666666666667
CUST01784,41,4,2861.2200000000003,3,3,3,333,At Risk Customers,0.25,0.1175,4.0,5.0
CUST01785,5,2,1574.6,4,2,2,422,New Customers,0.0,0.41000000000000003,5.0,5.5
CUST01786,59,7,4294.38,2,4,4,244,Loyal Customers,0.14285714285714285,0.14285714285714285,3.7142857142857144,4.428571428571429
CUST01787,31,3,3655.99,3,2,3,323,At Risk Customers,0.0,0.16333333333333333,4.333333333333333,4.666666666666667
CUST01788,9,7,4885.62,4,4,4,444,Champions,0.14285714285714285,0.3871428571428571,3.4285714285714284,5.142857142857143
CUST01789,113,1,341.52,2,1,1,211,At Risk Customers,0.0,0.36,5.0,3.0
CUST01790,101,3,1750.7,2,2,2,222,At Risk Customers,0.0,0.35666666666666663,3.3333333333333335,3.0
CUST01791,143,2,516.61,2,2,1,221,At Risk Customers,0.0,0.405,4.5,4.0
CUST01792,59,2,1461.82,2,2,2,222,At Risk Customers,0.0,0.25,4.5,5.5
CUST01793,109,4,5185.16,2,3,4,234,High Value Customers,0.0,0.355,4.75,4.25
CUST01794,36,3,2241.93,3,2,2,322,At Risk Customers,0.0,0.41333333333333333,3.6666666666666665,5.0
CUST01795,150,1,1266.99,2,1,1,211,At Risk Customers,0.0,0.17,4.0,9.0
CUST01796,94,1,500.81,2,1,1,211,At Risk Customers,0.0,0.26,3.0,5.0
CUST01797,178,1,1593.85,2,1,2,212,At Risk Customers,1.0,0.0,3.0,7.0
CUST01798,164,4,3577.66,2,3,3,233,At Risk Customers,0.0,0.2575,3.5,4.25
CUST01799,135,1,659.32,2,1,1,211,At Risk Customers,0.0,0.15,5.0,4.0
CUST01800,183,1,507.22,1,1,1,111,At Risk Customers,0.0,0.14,3.0,3.0
CUST01801,85,1,371.61,2,1,1,211,At Risk Customers,0.0,0.45,4.0,5.0
CUST01802,200,3,1461.8,1,2,2,122,At Risk Customers,0.0,0.32666666666666666,4.666666666666667,4.0
CUST01803,13,4,2673.93,4,3,3,433,New Customers,0.0,0.3375,4.25,3.75
CUST01804,238,3,1552.45,1,2,2,122,At Risk Customers,0.0,0.4366666666666667,3.6666666666666665,3.6666666666666665
CUST01805,98,1,433.16,2,1,1,211,At Risk Customers,0.0,0.3,4.0,6.0
CUST01806,26,3,1433.8600000000001,3,2,2,322,At Risk Customers,0.0,0.2966666666666667,4.333333333333333,4.333333333333333
CUST01807,29,4,3703.79,3,3,3,333,At Risk Customers,0.25,0.2725,2.75,4.5
CUST01808,3,8,6870.57,4,4,4,444,Champions,0.0,0.22625,4.375,6.0
CUST01809,7,8,7857.91,4,4,4,444,Champions,0.125,0.29875,4.25,3.875
CUST01810,41,4,1668.1399999999999,3,3,2,332,At Risk Customers,0.0,0.315,4.0,6.0
CUST01811,17,6,4863.08,4,4,4,444,Champions,0.0,0.32166666666666666,3.3333333333333335,7.0
CUST01812,32,6,3399.87,3,4,3,343,Loyal Customers,0.16666666666666666,0.22333333333333336,3.5,4.333333333333333
CUST01813,56,6,4038.11,3,4,3,343,Loyal Customers,0.16666666666666666,0.355,4.666666666666667,2.6666666666666665
CUST01814,2,3,1606.9,4,2,2,422,New Customers,0.0,0.2333333333333333,4.0,3.0
CUST01815,9,2,2514.74,4,2,2,422,New Customers,0.0,0.22000000000000003,3.0,5.0
CUST01816,250,1,507.79,1,1,1,111,At Risk Customers,0.0,0.12,4.0,4.0
CUST01817,208,7,5667.97,1,4,4,144,Loyal Customers,0.0,0.1542857142857143,3.4285714285714284,4.571428571428571
CUST01818,229,5,3080.04,1,3,3,133,At Risk Customers,0.0,0.266,3.0,5.4
CUST01819,143,2,1750.5700000000002,2,2,2,222,At Risk Customers,0.5,0.145,4.5,3.0
CUST01820,18,13,9193.23,4,4,4,444,Champions,0.0,0.29538461538461536,3.6153846153846154,3.923076923076923
CUST01821,102,5,3708.96,2,3,3,233,At Risk Customers,0.0,0.148,4.0,3.8
CUST01822,52,5,4482.68,3,3,4,334,High Value Customers,0.0,0.244,4.8,4.4
CUST01823,7,5,4992.96,4,3,4,434,New Customers,0.0,0.2,4.4,5.0
CUST01824,262,5,5499.38,1,3,4,134,High Value Customers,0.0,0.194,3.8,3.8
CUST01825,5,2,1127.7199999999998,4,2,1,421,New Customers,0.0,0.31,4.5,3.5
CUST01826,118,5,3208.37,2,3,3,233,At Risk Customers,0.0,0.3,4.2,5.0
CUST01827,21,4,1887.82,4,3,2,432,New Customers,0.0,0.225,3.75,5.0
CUST01828,183,3,1876.83,1,2,2,122,At Risk Customers,0.0,0.2866666666666667,4.0,4.0
CUST01829,162,7,4605.35,2,4,4,244,Loyal Customers,0.0,0.29857142857142854,4.142857142857143,4.857142857142857
CUST01830,88,4,2433.02,2,3,2,232,At Risk Customers,0.0,0.235,3.75,5.5
CUST01831,6,3,2174.13,4,2,2,422,New Customers,0.0,0.16666666666666666,4.333333333333333,6.333333333333333
CUST01832,156,5,5038.610000000001,2,3,4,234,High Value Customers,0.0,0.286,4.2,4.2
CUST01833,12,8,5277.49,4,4,4,444,Champions,0.125,0.23,2.875,4.25
CUST01834,6,3,2057.24,4,2,2,422,New Customers,0.0,0.4466666666666667,5.0,4.666666666666667
CUST01835,193,1,710.25,1,1,1,111,At Risk Customers,0.0,0.28,4.0,4.0
CUST01836,186,6,3567.04,1,4,3,143,Loyal Customers,0.0,0.2833333333333333,4.166666666666667,4.0
CUST01837,137,1,441.28,2,1,1,211,At Risk Customers,0.0,0.47,4.0,4.0
CUST01838,125,2,775.96,2,2,1,221,At Risk Customers,0.0,0.28500000000000003,3.5,6.0
CUST01839,7,5,2904.01,4,3,3,433,New Customers,0.0,0.332,4.4,2.4
CUST01840,9,4,2778.5,4,3,3,433,New Customers,0.0,0.29000000000000004,4.25,4.0
CUST01841,10,7,5325.389999999999,4,4,4,444,Champions,0.0,0.23142857142857146,3.2857142857142856,5.571428571428571
CUST01842,222,1,1332.91,1,1,1,111,At Risk Customers,0.0,0.32,5.0,3.0
CUST01843,41,3,3230.01,3,2,3,323,At Risk Customers,0.0,0.17666666666666667,1.6666666666666667,3.6666666666666665
CUST01844,21,8,5250.11,4,4,4,444,Champions,0.0,0.25375,4.285714285714286,3.5
CUST01845,225,1,545.67,1,1,1,111,At Risk Customers,0.0,0.33,4.0,2.0
CUST01846,137,7,4758.75,2,4,4,244,Loyal Customers,0.0,0.34142857142857147,3.7142857142857144,6.0
CUST01847,50,2,1729.73,3,2,2,322,At Risk Customers,0.0,0.125,5.0,5.0
CUST01848,51,6,5463.58,3,4,4,344,Loyal Customers,0.0,0.3116666666666667,3.5,5.166666666666667
CUST01849,37,2,755.23,3,2,1,321,At Risk Customers,0.0,0.32,4.5,4.0
CUST01850,49,4,2045.6,3,3,2,332,At Risk Customers,0.0,0.24,3.75,3.25
CUST01851,416,1,289.22,1,1,1,111,At Risk Customers,0.0,0.47,,7.0
CUST01852,109,1,572.93,2,1,1,211,At Risk Customers,0.0,0.18,3.0,3.0
CUST01853,214,6,3611.41,1,4,3,143,Loyal Customers,0.16666666666666666,0.43166666666666664,3.6666666666666665,5.5
CUST01854,211,2,1301.87,1,2,1,121,At Risk Customers,0.0,0.42000000000000004,3.5,3.0
CUST01855,36,5,4629.85,3,3,4,334,High Value Customers,0.0,0.248,4.0,5.0
CUST01856,272,3,1379.79,1,2,2,122,At Risk Customers,0.6666666666666666,0.31,4.333333333333333,3.0
CUST01857,135,9,5573.32,2,4,4,244,Loyal Customers,0.0,0.4077777777777778,4.222222222222222,5.222222222222222
CUST01858,27,3,1371.99,3,2,2,322,At Risk Customers,0.0,0.11666666666666665,4.333333333333333,4.333333333333333
CUST01859,43,5,3473.82,3,3,3,333,At Risk Customers,0.0,0.252,3.8,5.4
CUST01860,38,3,1262.77,3,2,1,321,At Risk Customers,0.3333333333333333,0.16,3.6666666666666665,5.0
CUST01861,23,4,3165.46,4,3,3,433,New Customers,0.0,0.2925,3.75,5.75
CUST01862,17,4,4513.64,4,3,4,434,New Customers,0.0,0.065,4.25,3.5
CUST01863,249,1,530.13,1,1,1,111,At Risk Customers,0.0,0.32,5.0,3.0
CUST01864,10,3,1705.88,4,2,2,422,New Customers,0.0,0.14666666666666667,3.3333333333333335,4.0
CUST01865,121,3,1867.7600000000002,2,2,2,222,At Risk Customers,0.0,0.18333333333333335,4.666666666666667,4.333333333333333
CUST01866,131,1,510.52,2,1,1,211,At Risk Customers,0.0,0.27,4.0,3.0
CUST01867,47,2,993.32,3,2,1,321,At Risk Customers,0.0,0.28,4.0,5.0
CUST01868,141,3,26057.29,2,2,4,224,High Value Customers,0.0,0.21666666666666667,4.333333333333333,4.666666666666667
CUST01869,44,9,5857.74,3,4,4,344,Loyal Customers,0.1111111111111111,0.42333333333333334,4.111111111111111,3.7777777777777777
CUST01870,12,5,4533.36,4,3,4,434,New Customers,0.0,0.32199999999999995,4.5,5.2
CUST01871,161,1,1448.69,2,1,2,212,At Risk Customers,0.0,0.06,5.0,5.0
CUST01872,37,8,5314.91,3,4,4,344,Loyal Customers,0.0,0.3175,4.0,4.5
CUST01873,18,7,3448.67,4,4,3,443,New Customers,0.0,0.2885714285714286,4.428571428571429,4.0
CUST01874,49,2,1371.8600000000001,3,2,2,322,At Risk Customers,0.0,0.14,3.0,5.0
CUST01875,135,7,3162.7799999999997,2,4,3,243,Loyal Customers,0.0,0.42857142857142855,3.4285714285714284,6.142857142857143
CUST01876,204,5,4129.84,1,3,3,133,At Risk Customers,0.0,0.236,3.8,5.4
CUST01877,29,5,4183.82,3,3,3,333,At Risk Customers,0.2,0.322,2.8,4.0
CUST01878,83,1,314.15,2,1,1,211,At Risk Customers,0.0,0.55,5.0,3.0
CUST01879,85,1,709.74,2,1,1,211,At Risk Customers,1.0,0.14,4.0,3.0
CUST01880,292,4,1569.8400000000001,1,3,2,132,At Risk Customers,0.0,0.4575,4.5,3.5
CUST01881,49,6,3481.1,3,4,3,343,Loyal Customers,0.0,0.26666666666666666,4.0,6.833333333333333
CUST01882,280,2,965.8,1,2,1,121,At Risk Customers,0.0,0.245,4.0,4.0
CUST01883,8,6,3559.8500000000004,4,4,3,443,New Customers,0.16666666666666666,0.25166666666666665,4.333333333333333,5.5
CUST01884,295,3,2372.63,1,2,2,122,At Risk Customers,0.0,0.33,4.0,6.333333333333333
CUST01885,54,6,3648.76,3,4,3,343,Loyal Customers,0.16666666666666666,0.42166666666666663,4.0,3.6666666666666665
CUST01886,139,2,948.26,2,2,1,221,At Risk Customers,0.0,0.2,4.0,5.0
CUST01887,187,6,3354.62,1,4,3,143,Loyal Customers,0.0,0.49000000000000005,4.166666666666667,3.3333333333333335
CUST01888,37,7,3619.24,3,4,3,343,Loyal Customers,0.0,0.34142857142857147,4.0,4.571428571428571
CUST01889,27,3,2445.84,3,2,2,322,At Risk Customers,0.3333333333333333,0.22,3.3333333333333335,5.333333333333333
CUST01890,287,1,416.76,1,1,1,111,At Risk Customers,0.0,0.28,5.0,4.0
CUST01891,278,2,3614.49,1,2,3,123,At Risk Customers,0.0,0.3,4.5,2.5
CUST01892,10,2,923.6999999999999,4,2,1,421,New Customers,0.0,0.355,3.5,3.5
CUST01893,3,5,3337.38,4,3,3,433,New Customers,0.0,0.32199999999999995,3.6,4.8
CUST01894,256,4,3166.55,1,3,3,133,At Risk Customers,0.0,0.27749999999999997,3.5,4.0
CUST01895,390,1,1344.42,1,1,1,111,At Risk Customers,0.0,0.33,4.0,5.0
CUST01896,12,2,849.76,4,2,1,421,New Customers,0.0,0.36,3.0,2.0
CUST01897,41,7,5033.2699999999995,3,4,4,344,Loyal Customers,0.0,0.20857142857142857,4.428571428571429,3.0
CUST01898,279,1,829.18,1,1,1,111,At Risk Customers,0.0,0.23,4.0,6.0
CUST01899,114,2,1576.16,2,2,2,222,At Risk Customers,0.0,0.435,3.0,4.5
CUST01900,25,10,6738.13,3,4,4,344,Loyal Customers,0.1,0.256,4.3,4.3
CUST01901,224,3,2344.37,1,2,2,122,At Risk Customers,0.0,0.19000000000000003,5.0,4.333333333333333
CUST01902,26,3,1130.94,3,2,1,321,At Risk Customers,0.0,0.3833333333333333,4.666666666666667,3.6666666666666665
CUST01903,29,9,5606.46,3,4,4,344,Loyal Customers,0.2222222222222222,0.29333333333333333,3.5555555555555554,5.111111111111111
CUST01904,35,4,3741.26,3,3,3,333,At Risk Customers,0.25,0.24750000000000003,3.25,3.25
CUST01905,51,4,2668.83,3,3,3,333,At Risk Customers,0.0,0.18,3.75,3.5
CUST01906,25,2,975.0,3,2,1,321,At Risk Customers,0.0,0.325,2.0,4.5
CUST01907,5,6,3723.8199999999997,4,4,3,443,New Customers,0.0,0.22999999999999998,3.8333333333333335,5.666666666666667
CUST01908,277,3,1025.52,1,2,1,121,At Risk Customers,0.0,0.4366666666666667,3.3333333333333335,4.0
CUST01909,4,2,1299.92,4,2,1,421,New Customers,0.5,0.16,4.5,5.5
CUST01910,191,5,2642.55,1,3,3,133,At Risk Customers,0.0,0.21400000000000002,3.2,5.2
CUST01911,7,10,6891.04,4,4,4,444,Champions,0.1,0.188,4.1,4.8
CUST01912,11,5,2488.9700000000003,4,3,2,432,New Customers,0.0,0.314,4.6,3.4
CUST01913,139,1,422.52,2,1,1,211,At Risk Customers,0.0,0.44,5.0,6.0
CUST01914,50,7,6013.65,3,4,4,344,Loyal Customers,0.14285714285714285,0.24857142857142858,4.0,5.142857142857143
CUST01915,334,4,3357.25,1,3,3,133,At Risk Customers,0.0,0.315,4.0,3.75
CUST01916,25,3,1477.4,3,2,2,322,At Risk Customers,0.0,0.31666666666666665,3.6666666666666665,3.0
CUST01917,257,2,1593.3,1,2,2,122,At Risk Customers,0.0,0.27,1.0,4.5
CUST01918,231,4,3621.08,1,3,3,133,At Risk Customers,0.0,0.1575,3.5,3.25
CUST01919,28,2,1871.4899999999998,3,2,2,322,At Risk Customers,0.0,0.46,4.5,5.5
CUST01920,276,4,2814.54,1,3,3,133,At Risk Customers,0.25,0.275,3.5,5.0
CUST01921,136,4,2532.17,2,3,2,232,At Risk Customers,0.0,0.15000000000000002,4.5,3.75
CUST01922,45,4,3374.0299999999997,3,3,3,333,At Risk Customers,0.0,0.1375,3.5,4.25
CUST01923,207,3,1359.38,1,2,1,121,At Risk Customers,0.0,0.37666666666666665,4.666666666666667,2.0
CUST01924,24,2,703.29,3,2,1,321,At Risk Customers,0.0,0.24,3.5,3.5
CUST01925,13,3,1610.02,4,2,2,422,New Customers,0.3333333333333333,0.2833333333333333,5.0,5.666666666666667
CUST01926,191,1,449.37,1,1,1,111,At Risk Customers,0.0,0.32,3.0,1.0
CUST01927,224,3,3362.8999999999996,1,2,3,123,At Risk Customers,0.0,0.3,3.6666666666666665,6.0
CUST01928,13,5,2986.37,4,3,3,433,New Customers,0.2,0.178,3.25,4.2
CUST01929,224,2,735.4100000000001,1,2,1,121,At Risk Customers,0.0,0.255,1.5,4.5
CUST01930,31,3,1579.7,3,2,2,322,At Risk Customers,0.0,0.18666666666666668,3.5,4.333333333333333
CUST01931,31,4,2261.88,3,3,2,332,At Risk Customers,0.0,0.27749999999999997,4.0,4.75
CUST01932,42,2,2839.42,3,2,3,323,At Risk Customers,0.0,0.39,4.5,5.5
CUST01933,100,6,3230.78,2,4,3,243,Loyal Customers,0.0,0.20166666666666666,3.8333333333333335,4.833333333333333
CUST01934,39,2,1101.81,3,2,1,321,At Risk Customers,0.0,0.29500000000000004,4.0,5.5
CUST01935,113,1,308.98,2,1,1,211,At Risk Customers,0.0,0.33,5.0,1.0
CUST01936,60,2,1160.81,2,2,1,221,At Risk Customers,0.0,0.35,3.5,4.0
CUST01937,181,1,383.33,1,1,1,111,At Risk Customers,0.0,0.19,3.0,6.0
CUST01938,21,6,3592.5299999999997,4,4,3,443,New Customers,0.3333333333333333,0.21166666666666667,3.6,4.166666666666667
CUST01939,7,5,3464.73,4,3,3,433,New Customers,0.0,0.20400000000000001,3.6,6.0
CUST01940,3,9,7225.11,4,4,4,444,Champions,0.0,0.23444444444444443,3.888888888888889,4.111111111111111
CUST01941,39,10,6200.41,3,4,4,344,Loyal Customers,0.1,0.279,3.4,4.9
CUST01942,310,1,523.56,1,1,1,111,At Risk Customers,0.0,0.2,5.0,6.0
CUST01943,54,5,5229.27,3,3,4,334,High Value Customers,0.2,0.28,4.2,4.8
CUST01944,22,8,6521.58,4,4,4,444,Champions,0.0,0.20125,4.5,4.375
CUST01945,179,1,554.68,2,1,1,211,At Risk Customers,0.0,0.29,4.0,4.0
CUST01946,60,4,1904.3400000000001,2,3,2,232,At Risk Customers,0.0,0.3075,3.25,2.75
CUST01947,184,7,4832.0599999999995,1,4,4,144,Loyal Customers,0.0,0.27714285714285714,3.7142857142857144,5.0
CUST01948,231,2,1170.93,1,2,1,121,At Risk Customers,0.0,0.375,4.0,3.5
CUST01949,197,8,9603.31,1,4,4,144,Loyal Customers,0.0,0.21125,3.375,3.875
CUST01950,197,3,1395.9099999999999,1,2,2,122,At Risk Customers,0.0,0.33,3.3333333333333335,4.0
CUST01951,186,4,2559.6099999999997,1,3,2,132,At Risk Customers,0.0,0.28500000000000003,3.75,5.25
CUST01952,374,2,922.6,1,2,1,121,At Risk Customers,0.0,0.305,4.5,2.5
CUST01953,237,1,886.28,1,1,1,111,At Risk Customers,0.0,0.34,3.0,3.0
CUST01954,54,11,8402.98,3,4,4,344,Loyal Customers,0.18181818181818182,0.30272727272727273,3.272727272727273,4.818181818181818
CUST01955,9,10,4916.2699999999995,4,4,4,444,Champions,0.0,0.377,4.2,5.0
CUST01956,139,1,301.98,2,1,1,211,At Risk Customers,0.0,0.28,4.0,2.0
CUST01957,271,3,2989.2,1,2,3,123,At Risk Customers,0.0,0.2833333333333333,5.0,4.333333333333333
CUST01958,174,7,3390.38,2,4,3,243,Loyal Customers,0.14285714285714285,0.36428571428571427,3.5714285714285716,5.428571428571429
CUST01959,21,3,2332.59,4,2,2,422,New Customers,0.0,0.21666666666666667,3.6666666666666665,4.333333333333333
CUST01960,12,3,2058.57,4,2,2,422,New Customers,0.0,0.12666666666666668,4.666666666666667,4.666666666666667
CUST01961,140,4,3056.04,2,3,3,233,At Risk Customers,0.0,0.275,4.25,6.75
CUST01962,203,8,5467.6900000000005,1,4,4,144,Loyal Customers,0.125,0.205,4.125,4.5
CUST01963,174,1,827.54,2,1,1,211,At Risk Customers,0.0,0.23,4.0,3.0
CUST01964,13,2,1288.24,4,2,1,421,New Customers,0.0,0.345,5.0,1.5
CUST01965,257,2,1060.55,1,2,1,121,At Risk Customers,0.0,0.4,3.5,6.5
CUST01966,110,6,5099.78,2,4,4,244,Loyal Customers,0.16666666666666666,0.20333333333333334,3.0,4.166666666666667
CUST01967,89,4,1574.64,2,3,2,232,At Risk Customers,0.0,0.28,4.25,6.0
CUST01968,120,1,1323.58,2,1,1,211,At Risk Customers,1.0,0.19,4.0,6.0
CUST01969,25,3,2165.71,3,2,2,322,At Risk Customers,0.0,0.21,4.666666666666667,3.0
CUST01970,49,4,2507.45,3,3,2,332,At Risk Customers,0.0,0.1575,4.0,4.5
CUST01971,23,3,2955.46,4,2,3,423,New Customers,0.3333333333333333,0.32666666666666666,3.6666666666666665,3.6666666666666665
CUST01972,20,12,7166.04,4,4,4,444,Champions,0.08333333333333333,0.24750000000000003,4.5,4.0
CUST01973,14,4,3552.32,4,3,3,433,New Customers,0.0,0.18250000000000002,4.75,3.75
CUST01974,10,8,4336.05,4,4,4,444,Champions,0.0,0.19625,4.125,3.875
CUST01975,39,6,3940.8999999999996,3,4,3,343,Loyal Customers,0.0,0.2966666666666667,3.5,4.333333333333333
CUST01976,37,7,6343.9,3,4,4,344,Loyal Customers,0.14285714285714285,0.14714285714285716,4.0,5.857142857142857
CUST01977,37,4,3378.67,3,3,3,333,At Risk Customers,0.0,0.225,3.5,4.75
CUST01978,217,7,6034.36,1,4,4,144,Loyal Customers,0.14285714285714285,0.3842857142857143,4.285714285714286,4.428571428571429
CUST01979,21,2,1075.89,4,2,1,421,New Customers,0.0,0.24,2.5,5.5
CUST01980,22,10,8871.41,4,4,4,444,Champions,0.1,0.184,4.0,4.2
CUST01981,20,6,6131.18,4,4,4,444,Champions,0.0,0.21333333333333335,3.8333333333333335,4.666666666666667
CUST01982,22,9,4892.66,4,4,4,444,Champions,0.0,0.21444444444444447,4.444444444444445,4.666666666666667
CUST01983,6,5,1927.91,4,3,2,432,New Customers,0.2,0.236,3.8,5.0
CUST01984,48,9,5138.389999999999,3,4,4,344,Loyal Customers,0.0,0.3811111111111111,3.7777777777777777,4.555555555555555
CUST01985,32,2,2382.24,3,2,2,322,At Risk Customers,0.0,0.13,3.5,6.5
CUST01986,41,6,6117.86,3,4,4,344,Loyal Customers,0.3333333333333333,0.31,2.3333333333333335,5.0
CUST01987,188,1,299.78,1,1,1,111,At Risk Customers,0.0,0.47,5.0,4.0
CUST01988,3,4,14032.75,4,3,4,434,New Customers,0.0,0.13,4.5,4.5
CUST01989,131,3,1255.63,2,2,1,221,At Risk Customers,0.0,0.4000000000000001,5.0,3.3333333333333335
CUST01990,120,4,3877.7699999999995,2,3,3,233,At Risk Customers,0.0,0.22499999999999998,4.5,4.0
CUST01991,126,7,5405.02,2,4,4,244,Loyal Customers,0.14285714285714285,0.1457142857142857,3.857142857142857,4.428571428571429
CUST01992,8,4,3269.68,4,3,3,433,New Customers,0.0,0.34,4.5,5.0
CUST01993,3,7,3740.82,4,4,3,443,New Customers,0.0,0.3242857142857143,4.0,4.428571428571429
CUST01994,27,7,5006.93,3,4,4,344,Loyal Customers,0.0,0.30142857142857143,3.7142857142857144,6.0
CUST01995,205,5,2602.16,1,3,2,132,At Risk Customers,0.0,0.292,4.4,4.2
CUST01996,14,4,3858.54,4,3,3,433,New Customers,0.0,0.1,4.5,5.0
CUST01997,51,5,3804.33,3,3,3,333,At Risk Customers,0.2,0.26,3.6,4.4
CUST01998,12,9,9097.95,4,4,4,444,Champions,0.1111111111111111,0.10555555555555557,4.222222222222222,5.444444444444445
CUST01999,131,2,762.25,2,2,1,221,At Risk Customers,0.0,0.33999999999999997,4.0,4.0
CUST02000,157,10,4734.83,2,4,4,244,Loyal Customers,0.0,0.22000000000000003,3.6,4.0
CUST02001,49,4,4215.38,3,3,3,333,At Risk Customers,0.0,0.20500000000000002,3.0,4.25
CUST02002,18,7,6389.57,4,4,4,444,Champions,0.0,0.24285714285714285,4.142857142857143,5.142857142857143
CUST02003,230,2,1381.48,1,2,2,122,At Risk Customers,0.0,0.405,4.5,4.5
CUST02004,37,2,1801.8700000000001,3,2,2,322,At Risk Customers,0.5,0.09000000000000001,4.0,5.0
CUST02005,3,6,3793.33,4,4,3,443,New Customers,0.0,0.17500000000000002,4.2,3.8333333333333335
CUST02006,3,2,2717.7400000000002,4,2,3,423,New Customers,0.0,0.325,4.0,1.0
CUST02007,213,6,5058.75,1,4,4,144,Loyal Customers,0.0,0.18666666666666668,3.5,3.8333333333333335
CUST02008,289,4,4601.66,1,3,4,134,High Value Customers,0.25,0.2575,2.75,5.25
CUST02009,13,6,4868.95,4,4,4,444,Champions,0.16666666666666666,0.2816666666666667,4.0,4.666666666666667
CUST02010,25,5,6149.849999999999,3,3,4,334,High Value Customers,0.0,0.16,3.25,4.2
CUST02011,191,4,4620.1,1,3,4,134,High Value Customers,0.0,0.265,3.25,5.25
CUST02012,19,2,753.46,4,2,1,421,New Customers,0.0,0.33499999999999996,4.0,4.0
CUST02013,52,2,1418.68,3,2,2,322,At Risk Customers,0.0,0.16,4.0,3.5
CUST02014,1,4,1934.85,4,3,2,432,New Customers,0.25,0.3075,4.0,5.75
CUST02015,273,4,5003.34,1,3,4,134,High Value Customers,0.0,0.1275,3.5,3.75
CUST02016,32,2,882.6200000000001,3,2,1,321,At Risk Customers,0.0,0.155,4.0,4.0
CUST02017,138,2,1871.94,2,2,2,222,At Risk Customers,0.0,0.31,4.5,2.0
CUST02018,107,1,873.21,2,1,1,211,At Risk Customers,0.0,0.36,4.0,5.0
CUST02019,26,10,5948.59,3,4,4,344,Loyal Customers,0.2,0.29500000000000004,3.9,4.7
CUST02020,91,3,2876.52,2,2,3,223,At Risk Customers,0.0,0.25,4.0,2.6666666666666665
CUST02021,60,5,4697.28,2,3,4,234,High Value Customers,0.2,0.266,2.8,3.8
CUST02022,31,4,1860.8,3,3,2,332,At Risk Customers,0.0,0.24,3.0,4.5
CUST02023,105,1,888.97,2,1,1,211,At Risk Customers,0.0,0.3,5.0,4.0
CUST02024,21,11,6485.26,4,4,4,444,Champions,0.0,0.2290909090909091,4.0,4.0
CUST02025,52,6,5175.9,3,4,4,344,Loyal Customers,0.0,0.225,4.5,3.3333333333333335
CUST02026,37,6,5043.0,3,4,4,344,Loyal Customers,0.16666666666666666,0.2833333333333333,4.333333333333333,4.0
CUST02027,56,4,3475.88,3,3,3,333,At Risk Customers,0.0,0.2725,4.0,4.75
CUST02028,188,2,1517.08,1,2,2,122,At Risk Customers,0.0,0.20500000000000002,4.5,4.0
CUST02029,23,5,2791.39,4,3,3,433,New Customers,0.0,0.27599999999999997,3.2,4.4
CUST02030,16,7,4841.91,4,4,4,444,Champions,0.14285714285714285,0.32857142857142857,4.142857142857143,3.7142857142857144
CUST02031,228,2,734.56,1,2,1,121,At Risk Customers,0.0,0.39,1.0,3.5
CUST02032,403,2,1046.18,1,2,1,121,At Risk Customers,0.0,0.21000000000000002,4.5,3.5
CUST02033,59,5,3320.35,2,3,3,233,At Risk Customers,0.2,0.19,4.0,3.2
CUST02034,46,2,897.86,3,2,1,321,At Risk Customers,0.0,0.215,2.5,6.0
CUST02035,154,3,2201.39,2,2,2,222,At Risk Customers,0.0,0.22,2.3333333333333335,4.0
CUST02036,22,9,5895.1,4,4,4,444,Champions,0.0,0.2555555555555556,3.3333333333333335,5.555555555555555
CUST02037,62,2,1131.94,2,2,1,221,At Risk Customers,1.0,0.255,2.5,4.5
CUST02038,323,3,1941.74,1,2,2,122,At Risk Customers,0.0,0.3933333333333333,4.666666666666667,4.0
CUST02039,221,3,1806.76,1,2,2,122,At Risk Customers,0.0,0.32,4.333333333333333,5.333333333333333
CUST02040,21,2,1156.0,4,2,1,421,New Customers,0.0,0.22000000000000003,2.5,5.5
CUST02041,9,7,8711.11,4,4,4,444,Champions,0.14285714285714285,0.20142857142857146,3.5714285714285716,4.571428571428571
CUST02042,47,5,2765.54,3,3,3,333,At Risk Customers,0.0,0.336,3.8,5.0
CUST02043,35,3,2232.97,3,2,2,322,At Risk Customers,0.0,0.35000000000000003,3.6666666666666665,5.333333333333333
CUST02044,52,8,6994.62,3,4,4,344,Loyal Customers,0.0,0.2225,4.0,5.0
CUST02045,153,1,626.4,2,1,1,211,At Risk Customers,0.0,0.48,2.0,2.0
CUST02046,343,6,4967.95,1,4,4,144,Loyal Customers,0.0,0.155,4.166666666666667,5.333333333333333
CUST02047,39,9,9285.85,3,4,4,344,Loyal Customers,0.0,0.20555555555555557,3.888888888888889,3.888888888888889
CUST02048,248,1,683.23,1,1,1,111,At Risk Customers,0.0,0.47,1.0,2.0
CUST02049,60,7,4082.93,2,4,3,243,Loyal Customers,0.0,0.22285714285714286,4.428571428571429,4.714285714285714
CUST02050,7,4,2054.58,4,3,2,432,New Customers,0.0,0.2825,4.25,4.5
CUST02051,146,3,2953.97,2,2,3,223,At Risk Customers,0.0,0.27666666666666667,3.0,3.6666666666666665
CUST02052,46,5,6095.51,3,3,4,334,High Value Customers,0.0,0.196,4.0,3.4
CUST02053,30,5,4282.21,3,3,4,334,High Value Customers,0.0,0.24,3.6,4.6
CUST02054,7,9,8418.66,4,4,4,444,Champions,0.1111111111111111,0.3222222222222222,3.0,5.444444444444445
CUST02055,40,7,3803.29,3,4,3,343,Loyal Customers,0.0,0.2557142857142857,3.857142857142857,5.0
CUST02056,256,2,1281.97,1,2,1,121,At Risk Customers,0.0,0.12,3.0,4.5
CUST02057,17,3,3230.33,4,2,3,423,New Customers,0.3333333333333333,0.29333333333333333,4.666666666666667,5.0
CUST02058,9,2,1439.28,4,2,2,422,New Customers,0.5,0.345,4.5,4.0
CUST02059,50,4,3349.0699999999997,3,3,3,333,At Risk Customers,0.0,0.2475,2.5,3.5
CUST02060,84,2,1331.01,2,2,1,221,At Risk Customers,0.5,0.235,3.5,4.0
CUST02061,8,6,3818.2200000000003,4,4,3,443,New Customers,0.0,0.20833333333333334,4.166666666666667,4.166666666666667
CUST02062,222,4,3844.48,1,3,3,133,At Risk Customers,0.0,0.255,4.25,5.25
CUST02063,27,5,2514.81,3,3,2,332,At Risk Customers,0.2,0.302,4.8,3.0
CUST02064,130,3,2866.45,2,2,3,223,At Risk Customers,0.3333333333333333,0.3066666666666667,4.666666666666667,3.3333333333333335
CUST02065,233,5,3492.37,1,3,3,133,At Risk Customers,0.2,0.35600000000000004,3.6,3.6
CUST02066,1,2,1165.54,4,2,1,421,New Customers,0.0,0.335,5.0,3.5
CUST02067,48,8,9090.87,3,4,4,344,Loyal Customers,0.0,0.29875,4.0,4.625
CUST02068,13,3,2109.12,4,2,2,422,New Customers,0.0,0.3,4.0,5.0
CUST02069,376,1,791.45,1,1,1,111,At Risk Customers,0.0,0.24,2.0,3.0
CUST02070,141,1,557.51,2,1,1,211,At Risk Customers,0.0,0.32,3.0,6.0
CUST02071,47,4,2603.33,3,3,2,332,At Risk Customers,0.0,0.3325,5.0,5.75
CUST02072,96,11,7176.07,2,4,4,244,Loyal Customers,0.0,0.39272727272727276,3.8181818181818183,4.0
CUST02073,95,1,462.53,2,1,1,211,At Risk Customers,0.0,0.24,2.0,4.0
CUST02074,4,3,2958.6099999999997,4,2,3,423,New Customers,0.0,0.32666666666666666,4.333333333333333,3.6666666666666665
CUST02075,332,5,2192.94,1,3,2,132,At Risk Customers,0.2,0.298,3.0,6.0
CUST02076,274,4,3480.34,1,3,3,133,At Risk Customers,0.0,0.255,4.0,4.75
CUST02077,139,5,2528.43,2,3,2,232,At Risk Customers,0.0,0.346,3.6,4.0
CUST02078,9,10,5212.43,4,4,4,444,Champions,0.0,0.264,4.3,4.6
CUST02079,42,8,4833.47,3,4,4,344,Loyal Customers,0.25,0.3425,3.875,3.5
CUST02080,239,3,2768.41,1,2,3,123,At Risk Customers,0.3333333333333333,0.25333333333333335,3.3333333333333335,3.6666666666666665
CUST02081,227,9,5848.4400000000005,1,4,4,144,Loyal Customers,0.0,0.3622222222222222,4.222222222222222,5.0
CUST02082,185,2,1444.5700000000002,1,2,2,122,At Risk Customers,0.0,0.275,4.0,5.0
CUST02083,20,4,2720.84,4,3,3,433,New Customers,0.0,0.2525,4.25,3.25
CUST02084,226,1,481.85,1,1,1,111,At Risk Customers,0.0,0.32,4.0,4.0
CUST02085,64,1,682.7,2,1,1,211,At Risk Customers,0.0,0.28,2.0,5.0
CUST02086,54,3,2881.01,3,2,3,323,At Risk Customers,0.0,0.26333333333333336,4.666666666666667,2.3333333333333335
CUST02087,8,3,2067.91,4,2,2,422,New Customers,0.0,0.32,4.0,4.0
CUST02088,102,3,1761.31,2,2,2,222,At Risk Customers,0.0,0.22,4.0,3.3333333333333335
CUST02089,34,2,1281.3400000000001,3,2,1,321,At Risk Customers,0.0,0.24,2.0,2.0
CUST02090,141,2,852.76,2,2,1,221,At Risk Customers,0.5,0.33499999999999996,2.5,5.0
CUST02091,51,2,1230.8,3,2,1,321,At Risk Customers,0.0,0.42,4.5,3.0
CUST02092,235,3,2595.52,1,2,2,122,At Risk Customers,0.0,0.17,3.0,2.0
CUST02093,8,3,1638.06,4,2,2,422,New Customers,0.0,0.29333333333333333,4.0,5.0
CUST02094,157,2,1171.49,2,2,1,221,At Risk Customers,0.0,0.07,3.5,3.5
CUST02095,16,3,2140.15,4,2,2,422,New Customers,0.0,0.2333333333333333,4.333333333333333,5.666666666666667
CUST02096,66,3,2926.04,2,2,3,223,At Risk Customers,0.0,0.29333333333333333,3.6666666666666665,4.333333333333333
CUST02097,30,5,2858.66,3,3,3,333,At Risk Customers,0.0,0.32,2.8,5.4
CUST02098,284,1,558.72,1,1,1,111,At Risk Customers,0.0,0.18,1.0,2.0
CUST02099,168,3,2275.89,2,2,2,222,At Risk Customers,0.0,0.36000000000000004,4.0,4.666666666666667
CUST02100,51,9,4873.24,3,4,4,344,Loyal Customers,0.1111111111111111,0.33666666666666667,3.888888888888889,5.888888888888889
CUST02101,79,7,4502.69,2,4,4,244,Loyal Customers,0.0,0.4042857142857143,4.571428571428571,4.571428571428571
CUST02102,18,7,4096.23,4,4,3,443,New Customers,0.0,0.41571428571428576,4.285714285714286,3.857142857142857
CUST02103,105,2,1052.31,2,2,1,221,At Risk Customers,0.0,0.4,4.0,5.0
CUST02104,16,3,2519.2,4,2,2,422,New Customers,0.0,0.30333333333333334,3.6666666666666665,3.6666666666666665
CUST02105,7,6,3931.45,4,4,3,443,New Customers,0.16666666666666666,0.11166666666666668,3.5,3.6666666666666665
CUST02106,32,9,22131.36,3,4,4,344,Loyal Customers,0.1111111111111111,0.29555555555555557,4.111111111111111,5.222222222222222
CUST02107,151,5,3080.15,2,3,3,233,At Risk Customers,0.0,0.22000000000000003,4.0,2.6
CUST02108,54,4,2559.18,3,3,2,332,At Risk Customers,0.25,0.21500000000000002,4.75,3.75
CUST02109,7,6,4224.2300000000005,4,4,3,443,New Customers,0.0,0.325,3.6666666666666665,4.5
CUST02110,11,3,3091.2000000000003,4,2,3,423,New Customers,0.0,0.22666666666666668,2.6666666666666665,5.666666666666667
CUST02111,245,1,1404.22,1,1,2,112,At Risk Customers,0.0,0.3,4.0,3.0
CUST02112,396,3,1402.8600000000001,1,2,2,122,At Risk Customers,0.0,0.34,3.3333333333333335,4.0
CUST02113,255,2,2358.37,1,2,2,122,At Risk Customers,0.0,0.33,4.5,2.0
CUST02114,172,2,587.4200000000001,2,2,1,221,At Risk Customers,0.5,0.32999999999999996,3.0,4.5
CUST02115,2,4,3950.54,4,3,3,433,New Customers,0.0,0.27749999999999997,3.75,5.0
CUST02116,212,2,1180.1399999999999,1,2,1,121,At Risk Customers,0.0,0.235,1.5,4.5
CUST02117,14,4,4133.6,4,3,3,433,New Customers,0.0,0.21000000000000002,2.6666666666666665,3.75
CUST02118,154,7,5739.9800000000005,2,4,4,244,Loyal Customers,0.0,0.3114285714285714,4.142857142857143,4.428571428571429
CUST02119,32,4,3250.83,3,3,3,333,At Risk Customers,0.0,0.2975,4.25,4.0
CUST02120,31,10,6730.96,3,4,4,344,Loyal Customers,0.1,0.236,4.2,5.0
CUST02121,16,3,1252.6599999999999,4,2,1,421,New Customers,0.3333333333333333,0.35000000000000003,4.0,4.666666666666667
CUST02122,28,2,2531.96,3,2,2,322,At Risk Customers,0.0,0.115,4.5,4.5
CUST02123,42,2,955.03,3,2,1,321,At Risk Customers,0.0,0.16,4.5,4.5
CUST02124,12,4,1738.73,4,3,2,432,New Customers,0.0,0.3625,3.5,4.5
CUST02125,201,1,321.85,1,1,1,111,At Risk Customers,0.0,0.47,3.0,6.0
CUST02126,267,1,698.21,1,1,1,111,At Risk Customers,0.0,0.33,5.0,4.0
CUST02127,271,1,1050.81,1,1,1,111,At Risk Customers,0.0,0.24,3.0,4.0
CUST02128,102,1,1406.44,2,1,2,212,At Risk Customers,0.0,0.11,5.0,4.0
CUST02129,151,1,787.79,2,1,1,211,At Risk Customers,0.0,0.18,4.0,6.0
CUST02130,145,3,1356.56,2,2,1,221,At Risk Customers,0.0,0.3433333333333333,4.333333333333333,4.666666666666667
CUST02131,44,5,3079.83,3,3,3,333,At Risk Customers,0.0,0.32999999999999996,4.2,4.8
CUST02132,10,2,962.1800000000001,4,2,1,421,New Customers,0.0,0.4,4.0,5.5
CUST02133,4,5,5915.030000000001,4,3,4,434,New Customers,0.0,0.162,4.2,3.6
CUST02134,9,4,2837.51,4,3,3,433,New Customers,0.0,0.2225,4.25,4.75
CUST02135,127,1,1006.67,2,1,1,211,At Risk Customers,0.0,0.46,4.0,3.0
CUST02136,145,4,3776.61,2,3,3,233,At Risk Customers,0.25,0.2575,4.0,3.25
CUST02137,18,5,4228.32,4,3,3,433,New Customers,0.0,0.09,3.2,4.6
CUST02138,255,1,472.88,1,1,1,111,At Risk Customers,0.0,0.22,5.0,2.0
CUST02139,23,2,1049.8,4,2,1,421,New Customers,0.0,0.29000000000000004,3.5,4.5
CUST02140,6,8,5198.19,4,4,4,444,Champions,0.25,0.2525,4.125,3.5
CUST02141,138,2,2337.84,2,2,2,222,At Risk Customers,0.0,0.22499999999999998,3.5,5.5
CUST02142,140,1,1330.95,2,1,1,211,At Risk Customers,0.0,0.38,5.0,4.0
CUST02143,11,2,1933.62,4,2,2,422,New Customers,0.0,0.25,4.5,5.0
CUST02144,15,3,1995.9199999999998,4,2,2,422,New Customers,0.0,0.30333333333333334,4.333333333333333,3.0
CUST02145,172,7,4813.139999999999,2,4,4,244,Loyal Customers,0.0,0.2357142857142857,3.5,5.142857142857143
CUST02146,179,1,917.63,2,1,1,211,At Risk Customers,0.0,0.23,4.0,7.0
CUST02147,185,2,997.9000000000001,1,2,1,121,At Risk Customers,0.0,0.31,4.5,3.0
CUST02148,59,2,1189.42,2,2,1,221,At Risk Customers,0.0,0.165,4.0,4.0
CUST02149,125,2,3065.5299999999997,2,2,3,223,At Risk Customers,0.0,0.245,2.0,5.5
CUST02150,306,4,2166.25,1,3,2,132,At Risk Customers,0.0,0.33,2.25,3.25
CUST02151,23,4,3574.58,4,3,3,433,New Customers,0.0,0.335,4.5,3.25
CUST02152,170,4,2366.99,2,3,2,232,At Risk Customers,0.0,0.20500000000000002,3.0,4.5
CUST02153,139,6,6234.7,2,4,4,244,Loyal Customers,0.0,0.33166666666666667,3.3333333333333335,5.0
CUST02154,50,17,12407.640000000001,3,4,4,344,Loyal Customers,0.058823529411764705,0.1864705882352941,4.25,4.0588235294117645
CUST02155,258,1,846.73,1,1,1,111,At Risk Customers,0.0,0.49,4.0,6.0
CUST02156,275,1,1705.47,1,1,2,112,At Risk Customers,0.0,0.19,4.0,1.0
CUST02157,109,1,736.31,2,1,1,211,At Risk Customers,0.0,0.35,5.0,4.0
CUST02158,162,8,4793.27,2,4,4,244,Loyal Customers,0.125,0.30875,3.375,4.625
CUST02159,37,4,2057.31,3,3,2,332,At Risk Customers,0.0,0.4125,4.25,3.75
CUST02160,26,5,3006.65,3,3,3,333,At Risk Customers,0.2,0.144,4.4,5.0
CUST02161,214,3,2402.2799999999997,1,2,2,122,At Risk Customers,0.0,0.36999999999999994,3.3333333333333335,3.6666666666666665
CUST02162,40,8,5688.39,3,4,4,344,Loyal Customers,0.0,0.28625,4.125,3.75
CUST02163,184,3,2010.3600000000001,1,2,2,122,At Risk Customers,0.3333333333333333,0.33666666666666667,4.666666666666667,5.666666666666667
CUST02164,21,3,1700.42,4,2,2,422,New Customers,0.0,0.36333333333333334,4.0,6.333333333333333
CUST02165,2,3,975.63,4,2,1,421,New Customers,0.0,0.25333333333333335,4.333333333333333,4.0
CUST02166,59,2,1722.44,2,2,2,222,At Risk Customers,0.0,0.195,4.0,6.5
CUST02167,104,5,3963.67,2,3,3,233,At Risk Customers,0.0,0.384,3.6,4.4
CUST02168,226,3,2219.25,1,2,2,122,At Risk Customers,0.3333333333333333,0.24666666666666667,4.333333333333333,4.333333333333333
CUST02169,45,5,3983.27,3,3,3,333,At Risk Customers,0.2,0.134,3.4,5.8
CUST02170,199,6,3749.08,1,4,3,143,Loyal Customers,0.3333333333333333,0.38833333333333336,4.333333333333333,5.166666666666667
CUST02171,23,4,4255.29,4,3,4,434,New Customers,0.0,0.24,5.0,3.0
CUST02172,8,8,6256.6900000000005,4,4,4,444,Champions,0.125,0.295,2.875,3.875
CUST02173,35,3,3190.33,3,2,3,323,At Risk Customers,0.0,0.2966666666666667,3.0,4.333333333333333
CUST02174,2,10,5994.51,4,4,4,444,Champions,0.0,0.304,3.5,5.3
CUST02175,43,7,4997.8,3,4,4,344,Loyal Customers,0.0,0.13999999999999999,4.285714285714286,3.7142857142857144
CUST02176,175,1,971.25,2,1,1,211,At Risk Customers,0.0,0.28,5.0,4.0
CUST02177,258,1,898.53,1,1,1,111,At Risk Customers,0.0,0.38,5.0,5.0
CUST02178,17,6,4153.84,4,4,3,443,New Customers,0.3333333333333333,0.39999999999999997,3.5,4.333333333333333
CUST02179,2,3,1770.31,4,2,2,422,New Customers,0.0,0.24666666666666667,3.6666666666666665,5.333333333333333
CUST02180,183,3,2631.13,1,2,3,123,At Risk Customers,0.0,0.19333333333333336,4.333333333333333,4.0
CUST02181,5,2,2054.92,4,2,2,422,New Customers,0.0,0.12,3.0,6.5
CUST02182,2,4,2717.77,4,3,3,433,New Customers,0.0,0.34,3.25,4.5
CUST02183,112,2,2206.5,2,2,2,222,At Risk Customers,0.0,0.36,3.5,4.0
CUST02184,171,2,1434.1,2,2,2,222,At Risk Customers,0.0,0.385,3.5,2.5
CUST02185,271,6,2701.7200000000003,1,4,3,143,Loyal Customers,0.0,0.33499999999999996,4.333333333333333,4.5
CUST02186,183,5,3170.84,1,3,3,133,At Risk Customers,0.0,0.266,4.0,5.0
CUST02187,278,1,1006.5,1,1,1,111,At Risk Customers,0.0,0.3,2.0,3.0
CUST02188,186,2,640.48,1,2,1,121,At Risk Customers,0.0,0.565,4.5,3.5
CUST02189,40,5,3156.09,3,3,3,333,At Risk Customers,0.0,0.302,3.6,4.4
CUST02190,46,6,2916.31,3,4,3,343,Loyal Customers,0.16666666666666666,0.31666666666666665,3.3333333333333335,5.166666666666667
CUST02191,219,4,2674.4,1,3,3,133,At Risk Customers,0.0,0.225,3.75,4.75
CUST02192,14,2,2640.42,4,2,3,423,New Customers,0.5,0.115,4.0,4.0
CUST02193,24,2,1008.03,3,2,1,321,At Risk Customers,0.0,0.44,4.5,5.5
CUST02194,34,6,8262.71,3,4,4,344,Loyal Customers,0.0,0.21333333333333335,4.333333333333333,4.666666666666667
CUST02195,180,8,4744.28,2,4,4,244,Loyal Customers,0.0,0.29875,4.0,3.5
CUST02196,236,1,605.92,1,1,1,111,At Risk Customers,0.0,0.21,4.0,6.0
CUST02197,82,1,362.15,2,1,1,211,At Risk Customers,0.0,0.09,5.0,6.0
CUST02198,157,3,3118.08,2,2,3,223,At Risk Customers,0.0,0.3133333333333333,4.333333333333333,5.0
CUST02199,157,4,2638.62,2,3,3,233,At Risk Customers,0.25,0.205,4.25,4.5
CUST02200,27,4,2568.2200000000003,3,3,2,332,At Risk Customers,0.0,0.31,4.5,4.5
CUST02201,190,5,4412.26,1,3,4,134,High Value Customers,0.0,0.194,4.25,3.2
CUST02202,50,7,3712.65,3,4,3,343,Loyal Customers,0.0,0.28285714285714286,4.0,4.142857142857143
CUST02203,18,4,2130.37,4,3,2,432,New Customers,0.0,0.335,3.75,5.25
CUST02204,236,1,456.72,1,1,1,111,At Risk Customers,0.0,0.15,5.0,3.0
CUST02205,18,3,3059.72,4,2,3,423,New Customers,0.0,0.3466666666666667,4.666666666666667,4.666666666666667
CUST02206,339,2,1232.78,1,2,1,121,At Risk Customers,0.0,0.27,3.5,2.5
CUST02207,33,11,7842.84,3,4,4,344,Loyal Customers,0.09090909090909091,0.3090909090909091,4.181818181818182,4.818181818181818
CUST02208,184,6,5051.27,1,4,4,144,Loyal Customers,0.0,0.25666666666666665,4.666666666666667,3.8333333333333335
CUST02209,23,5,2357.51,4,3,2,432,New Customers,0.0,0.292,4.4,4.4
CUST02210,215,2,1718.96,1,2,2,122,At Risk Customers,0.0,0.18,2.0,6.5
CUST02211,36,6,4246.04,3,4,3,343,Loyal Customers,0.0,0.39166666666666666,3.6666666666666665,3.3333333333333335
CUST02212,113,1,619.75,2,1,1,211,At Risk Customers,0.0,0.32,3.0,4.0
CUST02213,104,3,1948.1499999999999,2,2,2,222,At Risk Customers,0.3333333333333333,0.26666666666666666,4.333333333333333,5.333333333333333
CUST02214,274,6,5751.179999999999,1,4,4,144,Loyal Customers,0.3333333333333333,0.23500000000000001,3.6666666666666665,3.5
CUST02215,54,2,1522.96,3,2,2,322,At Risk Customers,0.0,0.185,4.5,1.5
CUST02216,151,3,2218.09,2,2,2,222,At Risk Customers,0.3333333333333333,0.3466666666666667,4.0,5.666666666666667
CUST02217,17,4,3110.29,4,3,3,433,New Customers,0.0,0.175,3.5,5.25
CUST02218,34,6,4259.38,3,4,4,344,Loyal Customers,0.16666666666666666,0.27499999999999997,3.0,4.0
CUST02219,100,1,484.4,2,1,1,211,At Risk Customers,0.0,0.11,3.0,4.0
CUST02220,53,2,765.9,3,2,1,321,At Risk Customers,0.0,0.225,4.5,5.5
CUST02221,95,1,682.97,2,1,1,211,At Risk Customers,0.0,0.33,5.0,5.0
CUST02222,153,1,836.55,2,1,1,211,At Risk Customers,1.0,0.06,3.0,1.0
CUST02223,46,3,1690.5500000000002,3,2,2,322,At Risk Customers,0.0,0.12,3.0,3.3333333333333335
CUST02224,258,3,1603.7,1,2,2,122,At Risk Customers,0.0,0.27,4.333333333333333,4.333333333333333
CUST02225,21,7,2816.32,4,4,3,443,New Customers,0.2857142857142857,0.4057142857142857,4.0,3.7142857142857144
CUST02226,30,12,9508.01,3,4,4,344,Loyal Customers,0.08333333333333333,0.31083333333333335,3.6666666666666665,3.5833333333333335
CUST02227,89,4,2320.84,2,3,2,232,At Risk Customers,0.0,0.41250000000000003,3.75,4.75
CUST02228,148,3,2870.67,2,2,3,223,At Risk Customers,0.6666666666666666,0.3466666666666667,3.3333333333333335,5.333333333333333
CUST02229,29,7,5992.74,3,4,4,344,Loyal Customers,0.0,0.26,3.1666666666666665,4.142857142857143
CUST02230,85,1,388.37,2,1,1,211,At Risk Customers,0.0,0.14,2.0,2.0
CUST02231,17,5,2862.12,4,3,3,433,New Customers,0.0,0.268,3.8,3.2
CUST02232,17,3,1414.77,4,2,2,422,New Customers,0.3333333333333333,0.2866666666666667,3.6666666666666665,6.666666666666667
CUST02233,45,2,1686.71,3,2,2,322,At Risk Customers,0.0,0.38,5.0,4.0
CUST02234,230,1,880.11,1,1,1,111,At Risk Customers,0.0,0.15,4.0,8.0
CUST02235,113,1,221.66,2,1,1,211,At Risk Customers,0.0,0.36,5.0,2.0
CUST02236,206,2,1413.8899999999999,1,2,2,122,At Risk Customers,0.0,0.20500000000000002,5.0,6.0
CUST02237,35,7,5050.48,3,4,4,344,Loyal Customers,0.2857142857142857,0.2557142857142857,3.0,3.857142857142857
CUST02238,118,10,6304.62,2,4,4,244,Loyal Customers,0.2,0.278,3.8,4.6
CUST02239,106,1,576.85,2,1,1,211,At Risk Customers,0.0,0.27,4.0,6.0
CUST02240,12,2,2911.94,4,2,3,423,New Customers,0.0,0.16,2.0,3.0
CUST02241,175,4,3532.06,2,3,3,233,At Risk Customers,0.0,0.1475,4.0,3.5
CUST02242,191,3,2407.42,1,2,2,122,At Risk Customers,0.3333333333333333,0.25,3.0,3.3333333333333335
CUST02243,194,4,2923.57,1,3,3,133,At Risk Customers,0.25,0.1975,4.5,5.0
CUST02244,38,5,2694.23,3,3,3,333,At Risk Customers,0.0,0.27599999999999997,4.0,4.6
CUST02245,144,8,4970.59,2,4,4,244,Loyal Customers,0.125,0.255,3.75,4.375
CUST02246,214,3,2005.87,1,2,2,122,At Risk Customers,0.0,0.30666666666666664,4.0,5.0
CUST02247,13,3,1825.17,4,2,2,422,New Customers,0.0,0.29666666666666663,4.333333333333333,3.6666666666666665
CUST02248,154,1,1245.24,2,1,1,211,At Risk Customers,0.0,0.2,5.0,3.0
CUST02249,136,3,1584.17,2,2,2,222,At Risk Customers,0.0,0.36000000000000004,3.3333333333333335,5.333333333333333
CUST02250,12,9,4855.7300000000005,4,4,4,444,Champions,0.3333333333333333,0.2711111111111111,4.111111111111111,5.333333333333333
CUST02251,243,2,1716.8,1,2,2,122,At Risk Customers,0.0,0.235,4.0,5.5
CUST02252,123,4,2123.62,2,3,2,232,At Risk Customers,0.0,0.305,4.5,5.75
CUST02253,54,9,7748.2699999999995,3,4,4,344,Loyal Customers,0.0,0.2622222222222222,3.7777777777777777,5.111111111111111
CUST02254,152,1,321.87,2,1,1,211,At Risk Customers,0.0,0.35,5.0,3.0
CUST02255,11,2,996.15,4,2,1,421,New Customers,0.0,0.25,4.0,5.0
CUST02256,33,5,2662.73,3,3,3,333,At Risk Customers,0.0,0.32199999999999995,3.0,4.6
CUST02257,121,5,4038.65,2,3,3,233,At Risk Customers,0.0,0.258,3.8,5.2
CUST02258,259,4,2233.67,1,3,2,132,At Risk Customers,0.0,0.2475,4.75,5.25
CUST02259,1,3,1265.3000000000002,4,2,1,421,New Customers,0.0,0.31,3.6666666666666665,4.666666666666667
CUST02260,130,3,3309.0299999999997,2,2,3,223,At Risk Customers,0.0,0.24666666666666667,3.6666666666666665,4.666666666666667
CUST02261,116,4,3277.19,2,3,3,233,At Risk Customers,0.0,0.41750000000000004,4.0,5.0
CUST02262,158,3,2320.9,2,2,2,222,At Risk Customers,0.0,0.2966666666666667,4.0,4.666666666666667
CUST02263,13,4,2761.95,4,3,3,433,New Customers,0.0,0.10250000000000001,4.25,4.75
CUST02264,21,4,3526.1000000000004,4,3,3,433,New Customers,0.25,0.185,3.75,5.75
CUST02265,92,1,280.88,2,1,1,211,At Risk Customers,0.0,0.54,4.0,3.0
CUST02266,10,2,1305.8899999999999,4,2,1,421,New Customers,0.0,0.245,3.5,4.5
CUST02267,48,3,3107.01,3,2,3,323,At Risk Customers,0.3333333333333333,0.15,3.5,3.6666666666666665
CUST02268,228,2,1421.47,1,2,2,122,At Risk Customers,0.0,0.21500000000000002,2.5,5.5
CUST02269,9,5,4266.35,4,3,4,434,New Customers,0.2,0.33999999999999997,4.6,3.6
CUST02270,2,8,5044.09,4,4,4,444,Champions,0.0,0.23625000000000002,4.125,4.125
CUST02271,57,3,2429.4,2,2,2,222,At Risk Customers,0.0,0.26,4.0,4.333333333333333
CUST02272,4,12,9505.01,4,4,4,444,Champions,0.16666666666666666,0.31916666666666665,3.75,5.0
CUST02273,224,2,1263.48,1,2,1,121,At Risk Customers,0.0,0.37,2.5,4.5
CUST02274,131,2,897.32,2,2,1,221,At Risk Customers,0.0,0.35,3.5,4.0
CUST02275,10,5,3201.3900000000003,4,3,3,433,New Customers,0.2,0.25,4.6,2.8
CUST02276,21,3,3155.9300000000003,4,2,3,423,New Customers,0.0,0.37333333333333335,3.3333333333333335,5.0
CUST02277,279,2,3384.3,1,2,3,123,At Risk Customers,0.0,0.115,5.0,4.0
CUST02278,177,2,937.17,2,2,1,221,At Risk Customers,0.0,0.31,5.0,3.0
CUST02279,8,5,3690.87,4,3,3,433,New Customers,0.0,0.11800000000000002,4.2,3.8
CUST02280,206,1,1244.85,1,1,1,111,At Risk Customers,0.0,0.43,3.0,7.0
CUST02281,181,2,1698.6799999999998,1,2,2,122,At Risk Customers,0.0,0.24,4.0,4.5
CUST02282,68,1,300.59,2,1,1,211,At Risk Customers,0.0,0.29,5.0,7.0
CUST02283,193,4,1771.46,1,3,2,132,At Risk Customers,0.0,0.2425,4.5,5.5
CUST02284,96,5,3144.28,2,3,3,233,At Risk Customers,0.2,0.248,4.4,5.0
CUST02285,7,3,2705.1,4,2,3,423,New Customers,0.0,0.19666666666666668,3.0,5.666666666666667
CUST02286,303,2,2310.76,1,2,2,122,At Risk Customers,0.0,0.11,4.0,4.0
CUST02287,8,10,8976.35,4,4,4,444,Champions,0.1,0.254,3.8,6.2
CUST02288,34,6,5180.64,3,4,4,344,Loyal Customers,0.16666666666666666,0.285,3.1666666666666665,4.166666666666667
CUST02289,29,5,4732.09,3,3,4,334,High Value Customers,0.0,0.256,3.0,4.0
CUST02290,54,6,6065.68,3,4,4,344,Loyal Customers,0.16666666666666666,0.2783333333333333,3.1666666666666665,4.666666666666667
CUST02291,275,6,3936.09,1,4,3,143,Loyal Customers,0.0,0.3116666666666667,3.0,4.166666666666667
CUST02292,65,4,2077.06,2,3,2,232,At Risk Customers,0.25,0.2825,4.75,3.25
CUST02293,348,4,4413.400000000001,1,3,4,134,High Value Customers,0.0,0.1925,3.25,3.25
CUST02294,28,4,2304.54,3,3,2,332,At Risk Customers,0.25,0.355,3.5,5.5
CUST02295,27,3,1379.21,3,2,2,322,At Risk Customers,0.0,0.39999999999999997,4.0,4.333333333333333
CUST02296,49,6,2765.41,3,4,3,343,Loyal Customers,0.0,0.3233333333333333,4.666666666666667,4.666666666666667
CUST02297,88,1,389.45,2,1,1,211,At Risk Customers,0.0,0.19,4.0,6.0
CUST02298,161,6,4073.9900000000002,2,4,3,243,Loyal Customers,0.0,0.35000000000000003,3.5,4.166666666666667
CUST02299,42,3,2280.2299999999996,3,2,2,322,At Risk Customers,0.0,0.24000000000000002,3.6666666666666665,4.0
CUST02300,43,4,3926.96,3,3,3,333,At Risk Customers,0.0,0.175,4.0,3.0
CUST02301,44,4,2621.46,3,3,2,332,At Risk Customers,0.0,0.275,4.0,4.0
CUST02302,140,3,1243.3400000000001,2,2,1,221,At Risk Customers,0.0,0.30333333333333334,4.333333333333333,3.0
CUST02303,8,3,1910.7800000000002,4,2,2,422,New Customers,0.3333333333333333,0.08,5.0,4.0
CUST02304,97,6,2964.84,2,4,3,243,Loyal Customers,0.0,0.315,3.8333333333333335,4.5
CUST02305,55,8,5659.8099999999995,3,4,4,344,Loyal Customers,0.0,0.28875,4.0,5.875
CUST02306,15,5,4951.4,4,3,4,434,New Customers,0.0,0.19,4.2,4.8
CUST02307,25,4,2475.42,3,3,2,332,At Risk Customers,0.25,0.1975,3.0,3.5
CUST02308,177,3,2021.26,2,2,2,222,At Risk Customers,0.0,0.37333333333333335,3.6666666666666665,4.0
CUST02309,623,1,359.12,1,1,1,111,At Risk Customers,0.0,0.22,4.0,3.0
CUST02310,5,6,4707.25,4,4,4,444,Champions,0.0,0.25,3.8333333333333335,3.8333333333333335
CUST02311,261,6,2984.76,1,4,3,143,Loyal Customers,0.0,0.38166666666666665,3.8333333333333335,4.166666666666667
CUST02312,266,7,4727.71,1,4,4,144,Loyal Customers,0.0,0.29857142857142854,3.857142857142857,4.428571428571429
CUST02313,57,2,2018.81,2,2,2,222,At Risk Customers,0.0,0.32,4.0,3.5
CUST02314,42,3,1293.85,3,2,1,321,At Risk Customers,0.3333333333333333,0.27,4.333333333333333,5.0
CUST02315,16,9,5693.16,4,4,4,444,Champions,0.0,0.27,3.888888888888889,5.222222222222222
CUST02316,11,3,1691.12,4,2,2,422,New Customers,0.0,0.27999999999999997,4.333333333333333,3.0
CUST02317,12,9,7346.72,4,4,4,444,Champions,0.0,0.21888888888888888,3.625,5.333333333333333
CUST02318,31,4,2331.4,3,3,2,332,At Risk Customers,0.0,0.2525,2.75,3.5
CUST02319,8,2,1704.8600000000001,4,2,2,422,New Customers,0.0,0.315,4.0,4.0
CUST02320,158,2,519.24,2,2,1,221,At Risk Customers,0.0,0.345,4.5,4.5
CUST02321,233,6,4633.05,1,4,4,144,Loyal Customers,0.0,0.33166666666666667,4.333333333333333,5.333333333333333
CUST02322,8,5,3620.01,4,3,3,433,New Customers,0.0,0.30599999999999994,4.0,4.8
CUST02323,145,2,3391.66,2,2,3,223,At Risk Customers,0.5,0.19,5.0,3.5
CUST02324,239,3,2455.75,1,2,2,122,At Risk Customers,0.0,0.28,3.6666666666666665,4.333333333333333
CUST02325,50,6,2583.58,3,4,2,342,Loyal Customers,0.16666666666666666,0.375,3.5,4.166666666666667
CUST02326,42,2,1457.13,3,2,2,322,At Risk Customers,0.0,0.225,4.5,6.5
CUST02327,221,3,1354.68,1,2,1,121,At Risk Customers,0.0,0.2733333333333334,4.333333333333333,3.3333333333333335
CUST02328,47,2,1174.58,3,2,1,321,At Risk Customers,0.0,0.255,4.0,5.0
CUST02329,44,7,5595.5599999999995,3,4,4,344,Loyal Customers,0.0,0.16285714285714287,4.285714285714286,4.428571428571429
CUST02330,49,7,6338.45,3,4,4,344,Loyal Customers,0.14285714285714285,0.26142857142857145,3.0,3.857142857142857
CUST02331,14,10,10588.12,4,4,4,444,Champions,0.1,0.284,3.8,4.2
CUST02332,31,5,5182.45,3,3,4,334,High Value Customers,0.2,0.21799999999999997,4.0,4.6
CUST02333,17,2,1836.35,4,2,2,422,New Customers,0.0,0.25,4.0,4.5
CUST02334,6,2,2073.62,4,2,2,422,New Customers,0.0,0.31,4.0,5.0
CUST02335,13,7,5104.16,4,4,4,444,Champions,0.14285714285714285,0.18714285714285714,3.2857142857142856,4.857142857142857
CUST02336,40,4,2489.16,3,3,2,332,At Risk Customers,0.0,0.2925,4.5,4.5
CUST02337,59,2,3092.29,2,2,3,223,At Risk Customers,0.0,0.215,5.0,5.0
CUST02338,32,5,4325.69,3,3,4,334,High Value Customers,0.2,0.31799999999999995,3.2,5.4
CUST02339,49,6,3471.3100000000004,3,4,3,343,Loyal Customers,0.3333333333333333,0.22166666666666668,4.166666666666667,4.333333333333333
CUST02340,30,9,7504.88,3,4,4,344,Loyal Customers,0.0,0.2233333333333333,4.0,5.0
CUST02341,18,4,3924.35,4,3,3,433,New Customers,0.0,0.145,3.5,4.75
CUST02342,18,4,2753.79,4,3,3,433,New Customers,0.0,0.185,4.25,4.25
CUST02343,19,3,2412.08,4,2,2,422,New Customers,0.3333333333333333,0.2333333333333333,4.666666666666667,3.6666666666666665
CUST02344,80,1,536.58,2,1,1,211,At Risk Customers,0.0,0.33,5.0,6.0
CUST02345,56,6,4144.54,3,4,3,343,Loyal Customers,0.16666666666666666,0.205,4.0,4.833333333333333
CUST02346,4,4,1896.6000000000001,4,3,2,432,New Customers,0.25,0.2875,4.5,3.75
CUST02347,44,2,1433.49,3,2,2,322,At Risk Customers,0.0,0.245,3.5,6.0
CUST02348,48,5,6333.1900000000005,3,3,4,334,High Value Customers,0.0,0.27399999999999997,3.2,4.0
CUST02349,7,4,2255.81,4,3,2,432,New Customers,0.0,0.215,3.75,3.75
CUST02350,52,4,4127.55,3,3,3,333,At Risk Customers,0.0,0.2425,3.5,2.75
CUST02351,300,1,1592.34,1,1,2,112,At Risk Customers,0.0,0.26,3.0,4.0
CUST02352,3,6,3347.93,4,4,3,443,New Customers,0.0,0.25666666666666665,3.1666666666666665,4.5
CUST02353,38,6,4437.26,3,4,4,344,Loyal Customers,0.0,0.335,4.0,5.666666666666667
CUST02354,10,4,2537.79,4,3,2,432,New Customers,0.0,0.255,3.75,4.5
CUST02355,39,10,5047.05,3,4,4,344,Loyal Customers,0.0,0.323,3.1,5.4
CUST02356,25,4,2105.75,3,3,2,332,At Risk Customers,0.0,0.1875,3.25,3.5
CUST02357,50,9,8878.33,3,4,4,344,Loyal Customers,0.0,0.1811111111111111,3.5555555555555554,3.6666666666666665
CUST02358,133,3,2849.58,2,2,3,223,At Risk Customers,0.0,0.2733333333333334,4.666666666666667,5.0
CUST02359,41,7,4573.04,3,4,4,344,Loyal Customers,0.0,0.2557142857142857,3.5714285714285716,3.5714285714285716
CUST02360,100,2,830.9399999999999,2,2,1,221,At Risk Customers,0.0,0.365,4.5,4.5
CUST02361,104,1,430.86,2,1,1,211,At Risk Customers,0.0,0.28,5.0,6.0
CUST02362,28,3,2557.13,3,2,2,322,At Risk Customers,0.3333333333333333,0.29,3.3333333333333335,5.0
CUST02363,58,3,2634.29,2,2,3,223,At Risk Customers,0.3333333333333333,0.19666666666666666,3.3333333333333335,5.0
CUST02364,23,3,1775.96,4,2,2,422,New Customers,0.0,0.32666666666666666,3.6666666666666665,7.333333333333333
CUST02365,45,6,4612.96,3,4,4,344,Loyal Customers,0.0,0.33,4.0,5.0
CUST02366,10,7,3826.58,4,4,3,443,New Customers,0.0,0.27714285714285714,4.142857142857143,3.2857142857142856
CUST02367,4,6,3779.01,4,4,3,443,New Customers,0.0,0.28833333333333333,3.6666666666666665,4.333333333333333
CUST02368,218,4,4203.85,1,3,3,133,At Risk Customers,0.25,0.3325,4.25,5.0
CUST02369,36,2,1855.0600000000002,3,2,2,322,At Risk Customers,0.0,0.22999999999999998,4.0,5.0
CUST02370,60,4,2668.98,2,3,3,233,At Risk Customers,0.0,0.1975,4.75,5.0
CUST02371,27,5,4252.84,3,3,3,333,At Risk Customers,0.0,0.316,4.4,4.8
CUST02372,10,7,4394.02,4,4,4,444,Champions,0.0,0.26285714285714284,3.857142857142857,3.4285714285714284
CUST02373,9,5,4613.639999999999,4,3,4,434,New Customers,0.0,0.27599999999999997,4.0,5.4
CUST02374,18,2,487.17999999999995,4,2,1,421,New Customers,0.0,0.35,2.5,4.0
CUST02375,49,3,2133.06,3,2,2,322,At Risk Customers,0.0,0.22333333333333336,4.333333333333333,5.0
CUST02376,2,4,2698.72,4,3,3,433,New Customers,0.0,0.26,4.0,4.5
CUST02377,22,3,2717.8,4,2,3,423,New Customers,0.0,0.39999999999999997,4.0,2.3333333333333335
CUST02378,3,3,1902.87,4,2,2,422,New Customers,0.0,0.24333333333333332,4.0,4.333333333333333
CUST02379,173,1,588.32,2,1,1,211,At Risk Customers,0.0,0.35,3.0,3.0
CUST02380,197,1,331.92,1,1,1,111,At Risk Customers,0.0,0.51,5.0,3.0
CUST02381,8,2,1812.44,4,2,2,422,New Customers,0.0,0.31,3.0,3.0
CUST02382,51,8,7796.56,3,4,4,344,Loyal Customers,0.125,0.22625,3.625,3.875
CUST02383,169,4,1842.06,2,3,2,232,At Risk Customers,0.0,0.265,3.75,5.0
CUST02384,35,6,4541.12,3,4,4,344,Loyal Customers,0.16666666666666666,0.2816666666666667,3.1666666666666665,4.833333333333333
CUST02385,17,2,1486.67,4,2,2,422,New Customers,0.5,0.29000000000000004,4.0,4.0
CUST02386,49,4,3240.48,3,3,3,333,At Risk Customers,0.0,0.08249999999999999,4.5,3.5
CUST02387,58,3,1627.86,2,2,2,222,At Risk Customers,0.0,0.2733333333333334,3.6666666666666665,4.333333333333333
CUST02388,52,3,3793.5699999999997,3,2,3,323,At Risk Customers,0.0,0.3133333333333333,3.3333333333333335,4.0
CUST02389,186,4,1987.76,1,3,2,132,At Risk Customers,0.25,0.23,4.333333333333333,5.75
CUST02390,343,3,2336.76,1,2,2,122,At Risk Customers,0.0,0.33666666666666667,4.0,4.666666666666667
CUST02391,113,1,767.26,2,1,1,211,At Risk Customers,0.0,0.32,4.0,11.0
CUST02392,157,3,1858.71,2,2,2,222,At Risk Customers,0.0,0.36000000000000004,2.3333333333333335,5.333333333333333
CUST02393,44,7,7175.28,3,4,4,344,Loyal Customers,0.14285714285714285,0.21428571428571427,4.142857142857143,4.571428571428571
CUST02394,46,6,5372.97,3,4,4,344,Loyal Customers,0.0,0.19166666666666665,3.8333333333333335,5.5
CUST02395,425,4,1428.0,1,3,2,132,At Risk Customers,0.5,0.3,4.5,5.75
CUST02396,175,1,553.88,2,1,1,211,At Risk Customers,0.0,0.23,5.0,7.0
CUST02397,18,2,2259.7799999999997,4,2,2,422,New Customers,0.0,0.24000000000000002,4.0,5.0
CUST02398,60,8,4519.78,2,4,4,244,Loyal Customers,0.125,0.31125,3.75,4.75
CUST02399,337,4,2579.22,1,3,2,132,At Risk Customers,0.0,0.36,4.0,4.5
CUST02400,171,2,1017.49,2,2,1,221,At Risk Customers,0.0,0.25,3.5,3.5
